DROP DATABASE IF EXISTS Vocatio;
CREATE DATABASE Vocatio;
USE Vocatio;

CREATE TABLE faculty (
  faculty_id TINYINT(9)  NOT NULL AUTO_INCREMENT,
  faculty_name varchar(30) NOT NULL,
  PRIMARY KEY (faculty_id)
) AUTO_INCREMENT = 1;
INSERT INTO faculty VALUES (1, 'FASS');
INSERT INTO faculty VALUES (2, 'Business');
INSERT INTO faculty VALUES (3, 'Computing');
INSERT INTO faculty VALUES (4, 'Dentistry');
INSERT INTO faculty VALUES (5, 'D&E');
INSERT INTO faculty VALUES (6, 'Duke-Nus Medical');
INSERT INTO faculty VALUES (7, 'Engineering');
INSERT INTO faculty VALUES (8, 'Law');
INSERT INTO faculty VALUES (9, 'Medicine');
INSERT INTO faculty VALUES (10, 'Music');
INSERT INTO faculty VALUES (11, 'Public Health');
INSERT INTO faculty VALUES (12, 'Public Policy');
INSERT INTO faculty VALUES (13, 'LifeLong Education');
INSERT INTO faculty VALUES (14, 'Science');
INSERT INTO faculty VALUES (15, 'University Scholars Programme');
INSERT INTO faculty VALUES (16, 'Yale-Nus');

CREATE TABLE student (
  stu_id INT(8) NOT NULL AUTO_INCREMENT,
  stu_name varchar(100) default NULL,
  stu_mobile varchar(20) default NULL,
  stu_email varchar(100) default NULL,
  stu_linkedin TEXT default NULL,
  faculty_id TINYINT(9) NOT NULL,
  stu_password varchar(255) NOT NULL,
  PRIMARY KEY (stu_id),
  UNIQUE INDEX `stu_id_UNIQUE` (`stu_id` ASC) VISIBLE,
  FOREIGN KEY (faculty_id) REFERENCES faculty(faculty_id)
)AUTO_INCREMENT = 1;

INSERT INTO `student` (`stu_name`,`stu_mobile`,`stu_email`,`stu_linkedin`,`faculty_id`,`stu_password`) VALUES ("Fredericka","+65 1104 2688","convallis.dolor.Quisque@VivamusrhoncusDonec.co.uk","Link_here.com",9,"CVW99MLJ8KO"),("William","+65 5316 8563","eu.dui.Cum@ante.org","Link_here.com",2,"BGG22QAT4MO"),("Indira","+65 9706 2492","placerat.eget.venenatis@vitaealiquet.org","Link_here.com",9,"ZBM68TAM2KH"),("Maile","+65 8514 8930","auctor.ullamcorper@convallisin.co.uk","Link_here.com",15,"ATM79QFX8RM"),("Magee","+65 6694 5861","Cras@eumetus.edu","Link_here.com",10,"IHY43CIG9NI"),("Ocean","+65 6383 4615","Fusce@semmollisdui.com","Link_here.com",15,"ELN28QIT3MM"),("Mercedes","+65 8630 6477","orci.tincidunt.adipiscing@Etiamlaoreetlibero.ca","Link_here.com",6,"OHP07AFB4ZC"),("Justine","+65 3247 4478","dis.parturient.montes@egestasrhoncus.org","Link_here.com",4,"VUX50KHT8GK"),("Solomon","+65 3164 9753","libero@aliquet.edu","Link_here.com",4,"NJO53SKJ7IL"),("Tamekah","+65 4102 2024","vitae@Cumsociis.org","Link_here.com",8,"BDP86HWX9VA");
INSERT INTO `student` (`stu_name`,`stu_mobile`,`stu_email`,`stu_linkedin`,`faculty_id`,`stu_password`) VALUES ("Malik","+65 6782 5282","eleifend.vitae.erat@vestibulumMauris.ca","Link_here.com",6,"ZLM77PMF4JT"),("Germane","+65 9801 5587","scelerisque.sed@Aliquamultricesiaculis.com","Link_here.com",8,"GZQ20WYC0RG"),("Dacey","+65 1728 0214","gravida.non@dolorDonecfringilla.ca","Link_here.com",15,"YRF23MEV9QL"),("Vivian","+65 8840 8886","sed.dui@accumsanneque.net","Link_here.com",8,"VAT97FBX3AW"),("Bell","+65 1285 8816","sit.amet.consectetuer@Curabiturut.org","Link_here.com",12,"MNS94OWT3UD"),("Jescie","+65 4388 0158","nisi@nequetellusimperdiet.net","Link_here.com",4,"RXF42HTQ4GO"),("Jana","+65 1947 2573","id.magna.et@vel.com","Link_here.com",14,"YOY55LPE1JL"),("Shoshana","+65 2000 9652","Nulla@neque.co.uk","Link_here.com",9,"CZA43PUL8RN"),("Forrest","+65 7564 3694","sed.est.Nunc@antedictummi.net","Link_here.com",8,"RZD56LNL1TZ"),("Rachel","+65 0944 8449","Donec.sollicitudin.adipiscing@iaculis.ca","Link_here.com",14,"JQV01RLK9OS");
INSERT INTO `student` (`stu_name`,`stu_mobile`,`stu_email`,`stu_linkedin`,`faculty_id`,`stu_password`) VALUES ("Shea","+65 8745 2671","dapibus.quam.quis@inconsequat.com","Link_here.com",14,"ZLX66DOG4NK"),("Hermione","+65 6299 5422","adipiscing.lacus.Ut@euenim.com","Link_here.com",1,"RZD74JMD6QU"),("Victor","+65 7050 8511","tempor.arcu.Vestibulum@SuspendisseduiFusce.edu","Link_here.com",2,"IOI28PPX9IK"),("Inga","+65 7471 6035","lacus@Nulla.co.uk","Link_here.com",11,"XPB14SGX5GB"),("Jorden","+65 4796 4612","aliquam@mollisIntegertincidunt.net","Link_here.com",2,"FNE51CVR3VT"),("Cooper","+65 3034 9608","risus.odio@ornarelectus.org","Link_here.com",15,"XOE04BEW2AM"),("Kennedy","+65 6348 7915","nec.malesuada.ut@commodoatlibero.co.uk","Link_here.com",2,"LYS50VKA6LW"),("TaShya","+65 2339 4098","hendrerit.Donec@lobortis.ca","Link_here.com",12,"PTE39RUM1PT"),("Wyatt","+65 0972 9451","et@metusvitaevelit.net","Link_here.com",3,"YDW79VWN5EM"),("Phillip","+65 2141 3955","leo@urna.com","Link_here.com",6,"IBI55DZF6CO");
INSERT INTO `student` (`stu_name`,`stu_mobile`,`stu_email`,`stu_linkedin`,`faculty_id`,`stu_password`) VALUES ("Thaddeus","+65 0806 1465","senectus.et@nonarcuVivamus.co.uk","Link_here.com",4,"JTF79TUC5LH"),("Liberty","+65 7740 0608","sem.mollis.dui@idnuncinterdum.com","Link_here.com",14,"ZDR43FTL1IH"),("Lance","+65 0401 4538","feugiat.metus@arcuetpede.net","Link_here.com",1,"YHY72WJF6AR"),("Davis","+65 3804 6623","Etiam.vestibulum.massa@egestasSedpharetra.net","Link_here.com",8,"HCZ91IEN1ZT"),("Pascale","+65 9304 0129","habitant.morbi.tristique@Proinultrices.net","Link_here.com",16,"RHC55QCO0TJ"),("Nicole","+65 9616 4239","eleifend.Cras@hendrerit.co.uk","Link_here.com",13,"TEB62PNQ0EH"),("Dane","+65 3045 4838","nec.tempus@ProinvelitSed.co.uk","Link_here.com",2,"SXA04NSM1CG"),("Castor","+65 1170 6748","mollis.Phasellus.libero@molestie.ca","Link_here.com",9,"SWU51JRY1BN"),("Allen","+65 7853 4866","cubilia@necanteblandit.edu","Link_here.com",13,"VAY70CSJ2CI"),("Maile","+65 3256 3276","eu.nibh.vulputate@massaMaurisvestibulum.ca","Link_here.com",6,"VES49ZIP0EX");
INSERT INTO `student` (`stu_name`,`stu_mobile`,`stu_email`,`stu_linkedin`,`faculty_id`,`stu_password`) VALUES ("Hammett","+65 6797 9858","eget.metus@cubilia.edu","Link_here.com",14,"OCZ79SCI2UV"),("Carolyn","+65 0699 1855","at.iaculis.quis@torquent.co.uk","Link_here.com",11,"XQZ48HKX7UE"),("Rhonda","+65 7875 0759","vel.pede.blandit@aceleifend.co.uk","Link_here.com",6,"JXW43NCW3AX"),("Wayne","+65 8961 3888","facilisis.Suspendisse.commodo@ante.net","Link_here.com",6,"HUR36TWJ2BN"),("Prescott","+65 3422 0730","at@sapien.co.uk","Link_here.com",11,"QPQ97PFI7XA"),("Helen","+65 3865 3103","dis@lectusa.org","Link_here.com",5,"CYS49DME9ZP"),("Beck","+65 7318 2209","iaculis@orciluctuset.ca","Link_here.com",15,"PGU24SWI1CP"),("Ramona","+65 1947 3323","Suspendisse.commodo.tincidunt@vestibulum.ca","Link_here.com",14,"TEI55JVQ0DT"),("Serina","+65 9553 7341","porttitor@natoquepenatibuset.co.uk","Link_here.com",3,"JAA55CFY5ZN"),("Bruno","+65 9984 9347","malesuada@fermentumfermentumarcu.edu","Link_here.com",15,"PYC50MMK2ZN");
INSERT INTO `student` (`stu_name`,`stu_mobile`,`stu_email`,`stu_linkedin`,`faculty_id`,`stu_password`) VALUES ("Giselle","+65 9459 0643","metus@Maurismagna.edu","Link_here.com",12,"FMP18VTB4WL"),("Ashely","+65 4360 8116","scelerisque@erat.edu","Link_here.com",9,"OCJ59BPY2AE"),("Neil","+65 6965 2252","varius@Quisque.ca","Link_here.com",4,"OCV27YGF7LH"),("Brett","+65 2920 9254","risus@dolorFuscemi.edu","Link_here.com",9,"SJJ26NKD9YE"),("Zachery","+65 5885 2898","dui.quis@risusDuis.ca","Link_here.com",12,"DXQ64WFQ6VQ"),("Castor","+65 0741 0856","tincidunt.nibh@est.edu","Link_here.com",7,"XCN58ODJ5ZM"),("Sarah","+65 0423 2400","mollis@eu.ca","Link_here.com",6,"DQM13OCW4EQ"),("Graiden","+65 9445 3208","vulputate.lacus@tempus.ca","Link_here.com",16,"SOI06PFU3AM"),("Ava","+65 1958 1391","iaculis.enim@eleifendnunc.org","Link_here.com",7,"HEN41VHB5EU"),("Keely","+65 2998 8130","nisl@sed.ca","Link_here.com",3,"EEG72DUX3KZ");
INSERT INTO `student` (`stu_name`,`stu_mobile`,`stu_email`,`stu_linkedin`,`faculty_id`,`stu_password`) VALUES ("Sade","+65 6223 1474","Nunc.mauris.elit@maurisSuspendissealiquet.net","Link_here.com",16,"SBH11RCE0OQ"),("Jack","+65 6185 8766","facilisis.Suspendisse@nisiaodio.co.uk","Link_here.com",5,"ZYG91MSY8JZ"),("Dane","+65 9071 0100","Morbi.quis@arcuNunc.net","Link_here.com",9,"WOS19ZUN6HZ"),("Melyssa","+65 7597 0771","nec.ligula.consectetuer@dictumultricies.com","Link_here.com",10,"PLV73JFK4QJ"),("Clayton","+65 7875 2248","Quisque.varius.Nam@nisiMauris.edu","Link_here.com",13,"HHV88MIX3PX"),("Ramona","+65 8894 3475","vel.mauris@velarcuCurabitur.co.uk","Link_here.com",10,"AIG42LBT5JK"),("Akeem","+65 5247 3640","risus.Morbi@nec.co.uk","Link_here.com",10,"AYW59AYY5QQ"),("Deanna","+65 8304 7276","Proin.nisl@Aliquamtinciduntnunc.org","Link_here.com",2,"KBS38XCF7RW"),("Dorian","+65 6388 9261","Donec@vulputate.edu","Link_here.com",10,"FHG18DYG7TA"),("Nehru","+65 7070 4876","Nullam.suscipit@Loremipsum.edu","Link_here.com",2,"HLP72YEC9JD");
INSERT INTO `student` (`stu_name`,`stu_mobile`,`stu_email`,`stu_linkedin`,`faculty_id`,`stu_password`) VALUES ("Carlos","+65 9417 1584","felis@auguescelerisquemollis.net","Link_here.com",16,"FFY60ARI3WA"),("Carolyn","+65 0608 9584","arcu.et@maurisipsum.edu","Link_here.com",3,"OOT23ULR0BP"),("Abdul","+65 7063 8433","egestas.Sed@Nunc.org","Link_here.com",1,"SKX74FNJ7CK"),("Byron","+65 2095 7503","Phasellus.libero.mauris@ipsumcursusvestibulum.org","Link_here.com",10,"CKI41PMG5IO"),("Camille","+65 1095 4156","Donec@Donecconsectetuer.org","Link_here.com",2,"THO51NJC6KJ"),("Devin","+65 9655 8046","dictum.magna.Ut@vitae.net","Link_here.com",6,"CIG26PBF6VR"),("Scarlett","+65 5797 3568","id.blandit.at@ligulatortor.edu","Link_here.com",4,"FKE99IZX7SQ"),("Nyssa","+65 5253 3258","erat.volutpat@elit.ca","Link_here.com",5,"YAK28DKI0DW"),("Honorato","+65 2951 2438","imperdiet.erat.nonummy@interdumligulaeu.net","Link_here.com",3,"FLA47PQK0PC"),("Todd","+65 4484 7424","placerat.eget@scelerisqueduiSuspendisse.net","Link_here.com",6,"KHN73YUL3IZ");
INSERT INTO `student` (`stu_name`,`stu_mobile`,`stu_email`,`stu_linkedin`,`faculty_id`,`stu_password`) VALUES ("Lucy","+65 7156 8309","parturient.montes@perconubianostra.org","Link_here.com",12,"EUC09RNR2WL"),("Darrel","+65 8916 4787","sed.hendrerit.a@adipiscingMauris.com","Link_here.com",5,"IWZ63TET0MA"),("Leilani","+65 1678 4556","Ut.tincidunt.vehicula@est.com","Link_here.com",16,"FVQ61QGT4TR"),("Xenos","+65 8025 6979","cubilia.Curae@euismod.ca","Link_here.com",5,"ALA90DWC6HV"),("Doris","+65 6884 8253","Suspendisse.sed.dolor@atpretium.edu","Link_here.com",3,"PNZ33QRN3SH"),("Jared","+65 2458 5914","congue.a.aliquet@hymenaeos.co.uk","Link_here.com",11,"OQO55CIT8BJ"),("Aaron","+65 0464 3681","auctor.odio.a@noncursusnon.com","Link_here.com",1,"PBA14LGW2GM"),("Damon","+65 2586 5424","ultrices.sit@metus.net","Link_here.com",7,"GGI30URX2GS"),("Germane","+65 8343 2406","In.at@placerat.ca","Link_here.com",2,"EPH87NMH8KN"),("Keegan","+65 5148 2222","commodo@nuncullamcorper.com","Link_here.com",16,"ZDI71EZB1IR");
INSERT INTO `student` (`stu_name`,`stu_mobile`,`stu_email`,`stu_linkedin`,`faculty_id`,`stu_password`) VALUES ("Lester","+65 8231 5298","egestas@tempor.net","Link_here.com",12,"HLF24UKT0YT"),("Benedict","+65 2266 7792","leo.elementum.sem@nequeNullam.co.uk","Link_here.com",15,"JWW60FVG3XW"),("Slade","+65 6401 7011","faucibus@risusat.com","Link_here.com",8,"FMJ53RSY6QK"),("Colin","+65 1793 2831","mi@odioa.edu","Link_here.com",3,"VAM59NZU7BV"),("Stella","+65 5952 2903","Integer.aliquam@facilisisfacilisismagna.edu","Link_here.com",8,"BVV41PNV3RS"),("Evelyn","+65 3509 4830","placerat@quamvel.com","Link_here.com",3,"MHH68JAO9SE"),("Ira","+65 0997 4130","faucibus.Morbi.vehicula@Nunclaoreetlectus.ca","Link_here.com",2,"STT63DAK4WH"),("Roanna","+65 2117 0523","Sed.diam@Donecelementumlorem.org","Link_here.com",14,"WOI78IEF2YH"),("Gil","+65 0863 1526","erat@Donecat.ca","Link_here.com",2,"MHZ73DNJ0CW"),("Taylor","+65 7725 8074","ligula@orci.net","Link_here.com",15,"ZLK76JEQ4AA");


CREATE TABLE employer (
  emp_id INT(8) NOT NULL AUTO_INCREMENT,
  emp_name varchar(100) default NULL,
  emp_mobile varchar(20) default NULL,
  emp_email varchar(100) default NULL,
  emp_company varchar(45) default NULL,
  emp_logo LONGBLOB NULL,
  emp_password varchar(255) NOT NULL,
  PRIMARY KEY (emp_id),
  UNIQUE INDEX `emp_id_UNIQUE` (`emp_id` ASC) VISIBLE
)AUTO_INCREMENT = 1;

INSERT INTO `employer` (`emp_name`,`emp_mobile`,`emp_email`,`emp_company`,`emp_logo`,`emp_password`) VALUES ("Rinah","+65 8646 4510","amet.consectetuer.adipiscing@lacus.co.uk","Rhoncus Id Corp.","Logo","GZG84LUP2FO"),("Buckminster","+65 3365 0170","egestas@vulputaterisus.com","Ornare Inc.","Logo","CMW48WFQ4LU"),("Roth","+65 9726 6936","gravida.Praesent.eu@ullamcorpermagna.edu","Fringilla Ornare Limited","Logo","NIZ95JEF6GP"),("Tyler","+65 5459 4514","nascetur@felisegetvarius.com","Sociis Consulting","Logo","POP42CPH9JX"),("Nash","+65 9140 7227","non@Vivamus.co.uk","Fringilla Corp.","Logo","KTW10WDM3IM"),("Yasir","+65 7731 3822","nec.metus.facilisis@accumsan.ca","Varius Nam Porttitor Limited","Logo","ZDA75LFP0WN"),("Brielle","+65 0621 9816","ut@aliquet.net","Neque Venenatis Foundation","Logo","BVG51ZCP8BA"),("Steel","+65 1835 8522","leo@etultrices.co.uk","Aliquam Corp.","Logo","MPB34CNB4VU"),("Zenaida","+65 9729 8533","ac@purusmauris.org","Lacus Varius Industries","Logo","BYJ34TUT6UT"),("Teegan","+65 3967 1573","adipiscing.lacus@varius.net","Mi Limited","Logo","IHG31LLW5SV");
INSERT INTO `employer` (`emp_name`,`emp_mobile`,`emp_email`,`emp_company`,`emp_logo`,`emp_password`) VALUES ("Sylvia","+65 8882 3904","placerat.orci.lacus@id.net","Ultrices PC","Logo","AJM48RMM6OJ"),("Joy","+65 4934 9282","libero.Proin@milorem.co.uk","Imperdiet Limited","Logo","SGP63UKL9HH"),("Lane","+65 0242 6846","consequat.nec@Donecnibhenim.ca","A Facilisis Institute","Logo","LWU20QVX5OY"),("Hyatt","+65 2599 8588","dui.nec.tempus@atfringilla.org","Mauris Eu Corp.","Logo","ANC24XNJ1YT"),("Richard","+65 7132 1058","semper@diam.edu","Adipiscing Elit Corp.","Logo","OLR33CRT8DO"),("Stuart","+65 3548 9275","urna.convallis@Fuscemollis.edu","Lorem Ipsum Dolor Incorporated","Logo","KTJ84KXH4ZR"),("Mason","+65 2743 5211","vehicula@aliquamarcu.net","Malesuada Corp.","Logo","CIB24YHD0RQ"),("Bo","+65 1877 7116","sapien@ipsumdolor.org","Penatibus Et Magnis Institute","Logo","XSN05KSO6PD"),("Daria","+65 0734 7761","enim.mi.tempor@faucibusleo.co.uk","Enim Institute","Logo","WYQ80HVR2TG"),("Vernon","+65 0657 5503","congue@augueutlacus.edu","Parturient Montes Associates","Logo","GDF06XUL9YR");
INSERT INTO `employer` (`emp_name`,`emp_mobile`,`emp_email`,`emp_company`,`emp_logo`,`emp_password`) VALUES ("Ethan","+65 0204 6892","Sed.molestie@Fusce.net","Placerat Orci LLP","Logo","VRW27DPB3BH"),("Zephr","+65 4580 4898","nec.urna.et@quisaccumsanconvallis.edu","Vel Nisl Incorporated","Logo","DFY14GTM0WP"),("Erin","+65 9724 5473","sem@Mauris.ca","Ultrices Mauris Ipsum Institute","Logo","HIN94FYI0ND"),("Shad","+65 0132 2093","Nullam.feugiat.placerat@risusa.com","Tempus Mauris Erat Incorporated","Logo","NLI87DLC5AT"),("Jasmine","+65 8712 9259","fermentum@nuncQuisqueornare.net","Iaculis Industries","Logo","KML31STU7BE"),("Barry","+65 2803 8288","Proin@ipsum.net","Sit PC","Logo","LDQ88ZLC1ME"),("Christen","+65 3113 8075","volutpat@urna.edu","Sit Amet LLC","Logo","WDP66NCB1ZW"),("Cole","+65 4074 3578","erat.neque@Nullamlobortis.co.uk","Aliquam Industries","Logo","WWP41DJN0KR"),("Tad","+65 2999 3441","neque.sed@etlacinia.co.uk","Nisi A Odio Foundation","Logo","AFB62XHW0RB"),("Nola","+65 1831 0978","Vestibulum.ante@felisorciadipiscing.edu","Odio Consulting","Logo","XOQ73UXA1TH");


CREATE TABLE adminAcc (
  adm_id INT(8) NOT NULL AUTO_INCREMENT,
  adm_user varchar (255) NOT NULL,
  adm_password varchar(255) NOT NULL,
  UNIQUE INDEX `adm_id_UNIQUE` (`adm_id` ASC) VISIBLE,
  PRIMARY KEY (adm_id)
)AUTO_INCREMENT = 1;

INSERT INTO `adminAcc` (`adm_user`,`adm_password`) VALUES ("Luke","WZJ50VZC3CW"),("Allen","MZM44IMY8KJ"),("Yuri","UZS31OQL6TK"),("Gareth","BJO11MLO1IJ"),("Ralph","PQV34HBY1MA");


CREATE TABLE jobpost (
  post_id INT(8) NOT NULL AUTO_INCREMENT,
  post_title VARCHAR(100) NOT NULL,
  post_description TEXT NOT NULL,
  post_requirements TEXT NOT NULL,
  post_pay varchar(20),
  emp_id INT(8) NOT NULL,
  faculty_id TINYINT(9) NOT NULL,
  PRIMARY KEY (post_id),
  UNIQUE INDEX `post_id_UNIQUE` (`post_id` ASC) VISIBLE,
  FOREIGN KEY (faculty_id) REFERENCES faculty(faculty_id),
  FOREIGN KEY (emp_id) REFERENCES employer(emp_id)
)AUTO_INCREMENT = 1;

INSERT INTO `jobpost` (`post_title`,`post_description`,`post_requirements`,`post_pay`,`emp_id`,`faculty_id`) VALUES ("Maite","lorem fringilla ornare placerat, orci lacus","Suspendisse aliquet molestie tellus. Aenean","$0xx.xx",1,11),("Nathan","tincidunt","vitae","$0xx.xx",6,7),("Colette","turpis nec mauris","iaculis nec, eleifend non, dapibus rutrum,","$0xx.xx",16,6),("Howard","amet metus.","senectus et netus et malesuada fames ac turpis","$0xx.xx",14,15),("Daphne","eu sem. Pellentesque ut ipsum ac","turpis egestas.","$0xx.xx",19,6),("Lane","adipiscing elit. Etiam","feugiat","$0xx.xx",18,11),("Quynn","imperdiet ullamcorper. Duis at lacus. Quisque purus sapien, gravida non,","accumsan convallis, ante lectus convallis est, vitae","$0xx.xx",13,10),("Vanna","Mauris vel turpis. Aliquam adipiscing lobortis","parturient montes, nascetur ridiculus","$0xx.xx",9,11),("Emmanuel","aliquam eu, accumsan sed,","ante,","$0xx.xx",13,11),("Thaddeus","et ultrices posuere cubilia Curae; Phasellus ornare.","placerat velit. Quisque varius. Nam porttitor scelerisque","$0.xx",25,8);
INSERT INTO `jobpost` (`post_title`,`post_description`,`post_requirements`,`post_pay`,`emp_id`,`faculty_id`) VALUES ("Flavia","Integer sem elit,","Suspendisse ac metus vitae velit egestas lacinia. Sed congue,","$0xx.xx",30,13),("Angelica","pede nec ante blandit viverra.","vitae velit egestas","$0xx.xx",15,14),("Gregory","Cras convallis convallis dolor. Quisque tincidunt pede ac","arcu. Vestibulum ante ipsum primis in faucibus orci luctus","$0xx.xx",20,15),("Venus","nibh sit amet orci. Ut sagittis lobortis mauris. Suspendisse aliquet","arcu vel quam","$0xx.xx",12,2),("Mark","Cras interdum. Nunc sollicitudin commodo ipsum. Suspendisse non leo. Vivamus","velit eget laoreet","$0xx.xx",6,5),("Jackson","elit erat vitae risus. Duis","semper, dui lectus rutrum urna, nec luctus","$0xx.xx",1,12),("Slade","leo. Vivamus nibh dolor, nonummy ac, feugiat non, lobortis","ligula elit, pretium et, rutrum non, hendrerit id,","$0xx.xx",3,11),("Gisela","aliquet diam. Sed","nec urna suscipit nonummy. Fusce","$0xx.xx",19,9),("Evelyn","egestas, urna justo faucibus lectus, a sollicitudin orci sem","in, dolor. Fusce feugiat. Lorem","$0xx.xx",22,3),("Kelsie","ullamcorper, nisl","enim, condimentum eget, volutpat","$0xx.xx",27,5);
INSERT INTO `jobpost` (`post_title`,`post_description`,`post_requirements`,`post_pay`,`emp_id`,`faculty_id`) VALUES ("Justine","congue a, aliquet vel,","justo. Proin non massa non ante bibendum","$0xx.xx",5,11),("Jin","ligula. Nullam feugiat placerat velit. Quisque varius.","in, hendrerit consectetuer, cursus et, magna. Praesent interdum","$0xx.xx",2,1),("Jade","Nunc sollicitudin commodo ipsum. Suspendisse non leo. Vivamus nibh dolor,","Sed diam lorem, auctor quis, tristique ac, eleifend vitae, erat.","$0xx.xx",20,7),("Bruce","Mauris magna. Duis dignissim tempor arcu. Vestibulum","urna","$0xx.xx",14,5),("Sopoline","in molestie tortor nibh","nisi. Aenean eget metus. In nec orci. Donec nibh. Quisque","$0xx.xx",9,4),("Orli","nibh dolor, nonummy ac, feugiat non, lobortis quis,","luctus vulputate, nisi sem","$0xx.xx",11,3),("Reuben","velit. Aliquam nisl. Nulla","orci sem eget massa. Suspendisse eleifend.","$0xx.xx",18,16),("Alden","euismod in, dolor. Fusce","erat vitae risus. Duis a mi","$0xx.xx",20,13),("Leroy","senectus et netus","sit amet massa. Quisque porttitor","$0xx.xx",15,16),("Tashya","pede blandit congue. In scelerisque","venenatis lacus. Etiam bibendum fermentum","$0xx.xx",24,10);
INSERT INTO `jobpost` (`post_title`,`post_description`,`post_requirements`,`post_pay`,`emp_id`,`faculty_id`) VALUES ("Acton","nec tellus. Nunc","eget mollis","$0xx.xx",7,12),("Clarke","at pede. Cras vulputate velit","aliquet libero. Integer in magna. Phasellus dolor elit,","$0xx.xx",27,2),("Cody","dictum eu, eleifend nec, malesuada ut, sem. Nulla interdum.","nulla vulputate dui, nec tempus mauris erat","$0xx.xx",19,12),("Winter","mi. Aliquam gravida mauris ut mi. Duis risus odio,","orci. Phasellus dapibus quam quis diam.","$0xx.xx",2,6),("Harrison","orci luctus et ultrices posuere cubilia Curae; Phasellus ornare.","nunc. In at pede.","$0xx.xx",7,13),("Bernard","mauris ut mi. Duis risus odio, auctor","semper","$0x.xx",17,1),("Nadine","ac mattis semper,","Mauris ut quam vel","$0xx.xx",6,15),("Simon","Quisque porttitor eros nec tellus. Nunc lectus pede, ultrices","bibendum sed, est. Nunc laoreet lectus quis massa. Mauris vestibulum,","$0xx.xx",23,5),("Bruce","malesuada malesuada. Integer","Sed eu nibh vulputate mauris sagittis placerat. Cras dictum","$0xx.xx",1,5),("Tasha","id, blandit at,","in sodales elit erat vitae risus. Duis a mi fringilla","$0xx.xx",3,9);
INSERT INTO `jobpost` (`post_title`,`post_description`,`post_requirements`,`post_pay`,`emp_id`,`faculty_id`) VALUES ("Samson","Fusce feugiat. Lorem ipsum dolor sit","Phasellus vitae mauris","$0xx.xx",5,5),("Talon","sapien molestie","nibh enim,","$0xx.xx",7,11),("Cora","a, auctor non, feugiat nec, diam. Duis mi enim,","diam. Duis mi enim, condimentum","$0xx.xx",2,6),("Leila","vitae semper egestas, urna","risus. Donec nibh enim, gravida sit","$0xx.xx",1,11),("Brody","et malesuada fames ac turpis egestas. Aliquam fringilla","augue eu tellus. Phasellus elit pede,","$0xx.xx",18,11),("Phillip","in aliquet lobortis, nisi","non, luctus sit amet, faucibus ut,","$0.xx",20,8),("Katell","semper pretium neque. Morbi quis urna. Nunc quis arcu","Pellentesque ultricies dignissim lacus. Aliquam rutrum lorem ac risus.","$0xx.xx",6,13),("Catherine","posuere at, velit. Cras lorem lorem,","dolor. Quisque tincidunt pede ac urna. Ut tincidunt","$0x.xx",12,6),("Tyler","diam. Duis mi","Aenean sed pede nec ante blandit viverra.","$0x.xx",12,13),("Lionel","vitae, erat. Vivamus nisi. Mauris nulla. Integer urna.","iaculis, lacus pede sagittis augue,","$0xx.xx",20,12);
