DROP DATABASE IF EXISTS Vocatio;
CREATE DATABASE Vocatio;
USE Vocatio;

CREATE TABLE faculty (
  faculty_id TINYINT(9)  NOT NULL AUTO_INCREMENT,
  faculty_name varchar(30) NOT NULL,
  PRIMARY KEY (faculty_id)
) AUTO_INCREMENT = 1;
INSERT INTO faculty VALUES (1, 'FASS');
INSERT INTO faculty VALUES (2, 'Business');
INSERT INTO faculty VALUES (3, 'Computing');
INSERT INTO faculty VALUES (4, 'Dentistry');
INSERT INTO faculty VALUES (5, 'D&E');
INSERT INTO faculty VALUES (6, 'Duke-Nus Medical');
INSERT INTO faculty VALUES (7, 'Engineering');
INSERT INTO faculty VALUES (8, 'Law');
INSERT INTO faculty VALUES (9, 'Medicine');
INSERT INTO faculty VALUES (10, 'Music');
INSERT INTO faculty VALUES (11, 'Public Health');
INSERT INTO faculty VALUES (12, 'Public Policy');
INSERT INTO faculty VALUES (13, 'LifeLong Education');
INSERT INTO faculty VALUES (14, 'Science');
INSERT INTO faculty VALUES (15, 'University Scholars Programme');
INSERT INTO faculty VALUES (16, 'Yale-Nus');

CREATE TABLE student (
  stu_id INT(8) NOT NULL AUTO_INCREMENT,
  stu_name varchar(200) default NULL,
  stu_mobile varchar(20) default NULL,
  stu_email varchar(100) default NULL,
  stu_linkedin TEXT default NULL,
  faculty_id TINYINT(9) NOT NULL,
  stu_password varchar(255) NOT NULL,
  stu_status_change varchar(5) NOT NULL,
  stu_new_jobs varchar(5) NOT NULL,
  stu_news_letter varchar(5) NOT NULL,
  stu_subscription varchar(5) NOT NULL,
  PRIMARY KEY (stu_id),
  UNIQUE INDEX `stu_id_UNIQUE` (`stu_id` ASC) VISIBLE,
  FOREIGN KEY (faculty_id) REFERENCES faculty(faculty_id)
)AUTO_INCREMENT = 1;

INSERT INTO `student` (`stu_name`,`stu_mobile`,`stu_email`,`stu_linkedin`,`faculty_id`,`stu_password`,`stu_subscription`,`stu_status_change`,`stu_new_jobs`,`stu_news_letter`) VALUES ("Mikayla","+65 5416 6569","Etiam.vestibulum@aliquet.co.uk","Link_here.com",1,"RFC39KLX1ME","T","T","T","F"),("Plato","+65 9900 1372","ac.turpis@nec.ca","Link_here.com",11,"KBB86PWZ4OL","F","T","T","F"),("Xanthus","+65 0406 0447","magna.nec@morbitristiquesenectus.co.uk","Link_here.com",3,"OXX64PGU7CJ","T","T","F","T"),("Neville","+65 5077 4027","ut.sem.Nulla@sapien.com","Link_here.com",5,"WVP24PDG9PI","F","F","T","T"),("Emery","+65 5317 1995","In.ornare.sagittis@neque.com","Link_here.com",5,"CSN60QXN3CW","T","T","T","F"),("Pearl","+65 1724 5225","rutrum@sagittisaugue.edu","Link_here.com",5,"KBO30EXL9LK","F","T","F","T"),("Macon","+65 4562 3622","nisi.magna@senectusetnetus.com","Link_here.com",11,"RZB09GIO6FX","F","F","T","F"),("Buffy","+65 2967 2041","Suspendisse.sagittis@arcu.co.uk","Link_here.com",12,"ZED74UCJ1HV","F","T","F","T"),("Hu","+65 8723 6728","parturient@auctorMauris.edu","Link_here.com",9,"WJU46EJE9AS","F","T","F","T"),("Rahim","+65 3841 7655","arcu.Nunc.mauris@etmagnisdis.ca","Link_here.com",10,"WLT53UUG1KY","T","F","F","F");
INSERT INTO `student` (`stu_name`,`stu_mobile`,`stu_email`,`stu_linkedin`,`faculty_id`,`stu_password`,`stu_subscription`,`stu_status_change`,`stu_new_jobs`,`stu_news_letter`) VALUES ("Nolan","+65 5662 7647","Curae@risusaultricies.com","Link_here.com",7,"AYS92XNR6NP","T","F","F","T"),("Hollee","+65 2836 8797","sem@sociisnatoquepenatibus.net","Link_here.com",11,"AST16NET7FZ","T","T","F","T"),("Graham","+65 3109 2427","non.enim.Mauris@rhoncusProinnisl.org","Link_here.com",15,"VSP25DXM7UL","T","T","T","T"),("Keely","+65 4827 3202","nunc.risus.varius@nisi.edu","Link_here.com",16,"HSE44QHI5KX","T","F","T","T"),("Roary","+65 2128 4424","nec@lorem.ca","Link_here.com",12,"ZRW48JSS9AV","T","T","T","T"),("Gil","+65 1506 8154","Mauris@imperdiet.edu","Link_here.com",5,"CMS34AKP1QB","T","F","T","F"),("Olivia","+65 8017 6294","adipiscing.lacus@odioAliquam.org","Link_here.com",14,"ZNZ26FWP0QL","F","T","T","F"),("August","+65 5472 4221","vitae@eleifend.net","Link_here.com",16,"OCX13OOP1TV","F","T","T","T"),("Ulysses","+65 9578 0739","neque@lacusUt.ca","Link_here.com",3,"ICQ70SNC7HW","T","T","F","F"),("Paul","+65 0940 3567","nonummy.ac.feugiat@blanditmattis.org","Link_here.com",9,"GTR22KUN3GD","T","T","T","F");
INSERT INTO `student` (`stu_name`,`stu_mobile`,`stu_email`,`stu_linkedin`,`faculty_id`,`stu_password`,`stu_subscription`,`stu_status_change`,`stu_new_jobs`,`stu_news_letter`) VALUES ("Dawn","+65 3920 3098","vel.pede.blandit@orcilobortis.ca","Link_here.com",13,"HKU37ZQK7RR","T","F","T","F"),("Jessica","+65 5666 3133","in.magna@Innecorci.edu","Link_here.com",11,"ABG75ALU6DL","F","T","F","F"),("Carter","+65 9009 5846","imperdiet.dictum.magna@Integer.co.uk","Link_here.com",16,"MOR16KTM8LR","F","T","F","F"),("Kennedy","+65 9745 2179","vel.faucibus@vitaealiquam.co.uk","Link_here.com",15,"LXN72MWB2AX","F","F","T","F"),("Jenna","+65 3987 0498","dictum.placerat@ridiculusmus.edu","Link_here.com",14,"OVT55QKV7TM","T","T","T","F"),("Hope","+65 0200 0193","a.arcu@volutpatornarefacilisis.edu","Link_here.com",14,"CKM14UPN6DB","T","T","F","F"),("Uriel","+65 1310 2455","pharetra@turpis.ca","Link_here.com",2,"GHN06KRJ5AD","T","T","T","F"),("Bert","+65 0909 7384","Quisque.varius@fames.net","Link_here.com",3,"XLZ29PFU5XZ","T","F","F","T"),("Ariana","+65 0360 4617","sollicitudin.a@aultricies.edu","Link_here.com",15,"SSG90RCP8IW","T","F","T","T"),("Mohammad","+65 0686 1407","ac@anequeNullam.ca","Link_here.com",3,"ETC29TOV2SM","T","T","T","T");
INSERT INTO `student` (`stu_name`,`stu_mobile`,`stu_email`,`stu_linkedin`,`faculty_id`,`stu_password`,`stu_subscription`,`stu_status_change`,`stu_new_jobs`,`stu_news_letter`) VALUES ("Ezra","+65 1104 1187","Sed@Pellentesquehabitantmorbi.ca","Link_here.com",9,"KFJ69YQO0QR","T","F","T","F"),("Russell","+65 6450 4015","a.aliquet.vel@sedhendrerita.com","Link_here.com",11,"PJI46MTX8HN","T","F","T","F"),("William","+65 8521 0543","nec.quam@molestie.co.uk","Link_here.com",11,"GUF42AAT3VN","F","T","T","T"),("Aretha","+65 7211 1876","aliquam@sapienCrasdolor.co.uk","Link_here.com",3,"TWO28MDP5JX","T","F","T","F"),("Kim","+65 6597 9479","vitae@Phasellus.edu","Link_here.com",2,"EDD45MTQ1PJ","T","F","T","T"),("Troy","+65 5130 8604","natoque@PhasellusnullaInteger.com","Link_here.com",14,"HVO65ANU9NW","F","T","F","F"),("Maggie","+65 5142 0161","eu@etarcu.com","Link_here.com",3,"JGU87FCY4HK","T","F","F","F"),("Cecilia","+65 7283 8922","non.justo.Proin@massanonante.org","Link_here.com",14,"ZDU21UXE1ON","T","T","F","T"),("Griffith","+65 5706 5533","Donec.at.arcu@turpisegestasFusce.org","Link_here.com",9,"QOQ00UQB6YR","F","F","F","F"),("Fay","+65 8731 4231","iaculis.enim.sit@anunc.net","Link_here.com",7,"THJ62DUA6XT","F","F","F","F");
INSERT INTO `student` (`stu_name`,`stu_mobile`,`stu_email`,`stu_linkedin`,`faculty_id`,`stu_password`,`stu_subscription`,`stu_status_change`,`stu_new_jobs`,`stu_news_letter`) VALUES ("Fiona","+65 8426 2795","semper.pretium.neque@Vestibulum.co.uk","Link_here.com",9,"CHX22JPX8RB","T","T","T","T"),("Jared","+65 5405 2387","dui.Cum@ut.co.uk","Link_here.com",7,"IXQ68FKB4BA","F","F","F","F"),("Dolan","+65 8295 8302","aliquam.eu.accumsan@amifringilla.net","Link_here.com",16,"XFE71WEF6KA","F","F","F","F"),("Tatum","+65 3148 1242","gravida.sit@ornareFusce.org","Link_here.com",10,"PJZ76VUM6ZE","T","F","T","F"),("Virginia","+65 0692 4343","vel@Suspendisse.co.uk","Link_here.com",4,"JOL85IPU9KE","F","F","F","F"),("Reagan","+65 6577 6102","sagittis@quam.com","Link_here.com",3,"RUU17HOX5SI","T","T","F","T"),("Quintessa","+65 7120 6781","orci@in.net","Link_here.com",5,"OHM25SCI4VG","T","T","F","T"),("Xenos","+65 2608 2210","non.dui.nec@vestibulum.com","Link_here.com",2,"LTI12JPK4OY","F","T","F","F"),("Irma","+65 7903 7707","ullamcorper.Duis@ipsumleo.edu","Link_here.com",6,"UVH98BXH8AB","T","T","T","F"),("Sean","+65 6213 3759","pede@eumetus.ca","Link_here.com",15,"WPL55VQP9LQ","T","T","T","F");
INSERT INTO `student` (`stu_name`,`stu_mobile`,`stu_email`,`stu_linkedin`,`faculty_id`,`stu_password`,`stu_subscription`,`stu_status_change`,`stu_new_jobs`,`stu_news_letter`) VALUES ("Dorian","+65 0272 6950","commodo.tincidunt.nibh@felisNullatempor.com","Link_here.com",12,"OPM97KNF5HI","F","T","T","T"),("Mira","+65 8085 5668","Proin.sed@Aeneangravidanunc.net","Link_here.com",2,"EGM82CQP6JL","T","T","F","F"),("Leroy","+65 6126 8581","libero.mauris@lectusNullam.co.uk","Link_here.com",10,"AET36UPA5RN","T","F","T","T"),("Martha","+65 3451 9504","at.velit.Cras@sagittis.co.uk","Link_here.com",15,"PMJ60DGZ0PK","F","F","T","F"),("Whilemina","+65 8803 5805","vitae.mauris@cubilia.com","Link_here.com",10,"BTI56END1CY","T","F","T","T"),("Holmes","+65 3708 5128","molestie.tortor.nibh@egestasDuis.edu","Link_here.com",6,"NTB00USP4EL","F","F","F","T"),("Brielle","+65 3213 3070","tortor.Nunc.commodo@sedconsequat.edu","Link_here.com",1,"FWY84NQX0JZ","F","T","T","T"),("Daniel","+65 6533 2854","convallis@semper.edu","Link_here.com",15,"DRP67BLF8OO","F","F","T","T"),("Alana","+65 7602 8979","nulla@adipiscing.com","Link_here.com",6,"KBC76XNJ3QK","T","T","F","T"),("Daphne","+65 4424 0288","enim.diam@milaciniamattis.co.uk","Link_here.com",4,"EZN25ODK0YQ","F","T","F","F");
INSERT INTO `student` (`stu_name`,`stu_mobile`,`stu_email`,`stu_linkedin`,`faculty_id`,`stu_password`,`stu_subscription`,`stu_status_change`,`stu_new_jobs`,`stu_news_letter`) VALUES ("Zahir","+65 4763 0000","adipiscing.elit.Etiam@augueacipsum.com","Link_here.com",8,"NFM49DTE8DO","T","F","T","T"),("Harlan","+65 1616 8804","a.neque@et.edu","Link_here.com",3,"VPR40UWF2TM","F","F","T","F"),("Stephanie","+65 3778 8540","Aliquam.vulputate.ullamcorper@magnisdisparturient.co.uk","Link_here.com",5,"YJK37DTH8RJ","F","F","F","T"),("Chiquita","+65 6540 4538","aliquet@SeddictumProin.net","Link_here.com",15,"NKX90XFS8OZ","T","F","F","F"),("Galvin","+65 8638 3976","pede.ultrices@adipiscinglobortisrisus.org","Link_here.com",7,"FSU12MTO1HZ","F","F","F","T"),("Tiger","+65 9998 6775","Duis.a.mi@tincidunt.edu","Link_here.com",5,"VIT18NSV7OK","F","F","F","F"),("Jennifer","+65 2003 7383","pellentesque.massa.lobortis@quama.org","Link_here.com",1,"LCP13AIL9JK","T","F","T","F"),("Zane","+65 8698 9017","nec.urna@urnajustofaucibus.org","Link_here.com",1,"KOF01CZZ2JK","F","T","T","F"),("Destiny","+65 6403 4284","primis.in.faucibus@enimcommodohendrerit.co.uk","Link_here.com",9,"GXO91KYI3XT","T","F","T","T"),("Wylie","+65 8214 2982","urna.justo@nullaInteger.ca","Link_here.com",6,"PLN07VFX3XD","T","T","T","T");
INSERT INTO `student` (`stu_name`,`stu_mobile`,`stu_email`,`stu_linkedin`,`faculty_id`,`stu_password`,`stu_subscription`,`stu_status_change`,`stu_new_jobs`,`stu_news_letter`) VALUES ("Holmes","+65 8372 7464","lectus@mollis.edu","Link_here.com",2,"EVW11EST0UI","F","F","T","F"),("Jacob","+65 6457 2603","mauris@adipiscingfringilla.co.uk","Link_here.com",9,"KKB12QPX1KK","T","T","F","T"),("Nevada","+65 4162 4308","Sed.eu@elit.com","Link_here.com",14,"CFY35ITP4HF","F","T","F","T"),("Harriet","+65 1505 3016","sem.molestie@sitametmetus.edu","Link_here.com",5,"OWZ16MCR7MW","T","T","F","T"),("Doris","+65 4290 3194","neque@necdiam.co.uk","Link_here.com",3,"QSK99VWM9OM","T","F","F","T"),("Logan","+65 2879 3806","fringilla.purus@IntegerurnaVivamus.co.uk","Link_here.com",8,"ROA72HFP8FH","T","T","T","F"),("Urielle","+65 3730 1340","nascetur.ridiculus@temporarcuVestibulum.net","Link_here.com",9,"WYH88OEL6ZL","T","F","F","T"),("Nasim","+65 6972 7520","ligula.consectetuer.rhoncus@pedeet.ca","Link_here.com",16,"PCD10VMF2XQ","T","F","T","T"),("Laith","+65 4764 4016","quis@Proinegetodio.edu","Link_here.com",7,"XMA83KCZ8UG","F","T","F","F"),("Kiara","+65 8246 5307","nec.malesuada@pharetrased.com","Link_here.com",9,"ZNT66CTZ4PU","F","T","F","F");
INSERT INTO `student` (`stu_name`,`stu_mobile`,`stu_email`,`stu_linkedin`,`faculty_id`,`stu_password`,`stu_subscription`,`stu_status_change`,`stu_new_jobs`,`stu_news_letter`) VALUES ("Ivana","+65 6959 6392","Nullam.ut@ipsumcursusvestibulum.net","Link_here.com",15,"BWP91SVJ3EE","T","T","T","F"),("Macaulay","+65 9278 0149","ac@quisarcu.ca","Link_here.com",16,"GNT66OTP9TR","T","F","F","F"),("Ann","+65 0625 8161","est@Aeneanegetmagna.com","Link_here.com",11,"AEC15FYQ2XT","T","F","T","F"),("Daryl","+65 4506 5611","consequat.enim.diam@dolortempusnon.com","Link_here.com",3,"WIW04NQB1WG","T","F","F","F"),("Dorothy","+65 8821 9108","elit.pretium.et@erategetipsum.com","Link_here.com",3,"IYZ22YAP7EA","F","F","F","F"),("Igor","+65 3784 3479","Duis@Loremipsum.net","Link_here.com",8,"PEJ45BEW1QE","T","T","T","T"),("Donovan","+65 0373 2962","risus@Curabitur.com","Link_here.com",13,"MRQ96WOU3BW","F","F","F","F"),("Patience","+65 0632 3263","vulputate.posuere.vulputate@sagittis.edu","Link_here.com",3,"EZI14CYP0QR","F","F","F","T"),("Daria","+65 7340 3283","risus@tincidunt.co.uk","Link_here.com",1,"FFI62PDR3LP","F","T","F","T"),("Zelenia","+65 3766 0218","Nunc.sollicitudin@porttitor.com","Link_here.com",7,"CLU14PQD4ON","T","F","F","T");
INSERT INTO `student` (`stu_name`,`stu_mobile`,`stu_email`,`stu_linkedin`,`faculty_id`,`stu_password`,`stu_subscription`,`stu_status_change`,`stu_new_jobs`,`stu_news_letter`) VALUES ("Anthony","+65 4396 0451","lacus.varius@sedpede.ca","Link_here.com",7,"BJH99NPE5TB","F","F","T","T"),("Azalia","+65 2250 5234","feugiat@musProin.net","Link_here.com",6,"GTQ91EME5OK","F","F","T","F"),("Deirdre","+65 9990 5471","nunc.In.at@sempererat.ca","Link_here.com",9,"ZNV80ICF8HU","T","F","T","T"),("Walker","+65 2826 8135","lectus.Nullam.suscipit@cubilia.ca","Link_here.com",7,"NSW39DXF3SL","F","T","T","F"),("Hayden","+65 6578 3813","nascetur.ridiculus.mus@DonecestNunc.co.uk","Link_here.com",6,"MPF63PZW6PP","T","T","F","T"),("Callie","+65 2877 4733","eu.euismod@id.net","Link_here.com",4,"ISF69AZK1ZO","F","F","T","F"),("Declan","+65 6674 9785","Donec.at@lectusjustoeu.com","Link_here.com",15,"OFT72DTY5NL","T","T","F","F"),("James","+65 9692 4350","Sed.molestie.Sed@faucibusleoin.edu","Link_here.com",5,"MZV33ZZZ4OL","F","T","T","F"),("Illiana","+65 0389 1071","accumsan@erat.ca","Link_here.com",11,"MMU52XMQ5WI","F","F","F","F"),("Ralph","+65 6082 0149","ipsum@luctusfelis.edu","Link_here.com",12,"FOK88JGB6QY","F","F","T","T");


CREATE TABLE employer (
  emp_id INT(8) NOT NULL AUTO_INCREMENT,
  emp_name varchar(100) default NULL,
  emp_mobile varchar(20) default NULL,
  emp_email varchar(100) default NULL,
  emp_company varchar(45) default NULL,
  emp_logo LONGBLOB NULL,
  emp_password varchar(255) NOT NULL,
  emp_subscription varchar(255) default NULL,
  emp_new_applicants varchar(255) default NULL,
  emp_max_applicants varchar(255) default NULL,
  emp_news_letter varchar(255) default NULL,
  PRIMARY KEY (emp_id),
  UNIQUE INDEX `emp_id_UNIQUE` (`emp_id` ASC) VISIBLE
)AUTO_INCREMENT = 1;

INSERT INTO `employer` (`emp_name`,`emp_mobile`,`emp_email`,`emp_company`,`emp_logo`,`emp_password`,`emp_subscription`,`emp_new_applicants`,`emp_max_applicants`,`emp_news_letter`) VALUES ("Brenda","+65 3538 9232","mi@at.edu","Orci Quis Inc.","Logo","ZEV03FFY7UQ","T","F","T","F"),("Colby","+65 5476 8976","amet.risus.Donec@velitegestas.org","Orci In Consequat LLP","Logo","CWX50OAX5MR","T","T","F","F"),("Beau","+65 8483 7524","Aenean.sed@euismodetcommodo.org","Vitae Velit Egestas Institute","Logo","MND21HUL8HS","T","T","F","T"),("Carlos","+65 9529 6409","vitae.mauris@tinciduntnibhPhasellus.co.uk","Mattis Velit Industries","Logo","OQF61LXH6EX","F","T","T","T"),("Stewart","+65 6173 1428","sociosqu@idantedictum.co.uk","In Condimentum Ltd","Logo","FEQ96CIA9LG","T","T","F","T"),("Troy","+65 7288 4526","Nulla.tincidunt@sodales.net","Rutrum Fusce Consulting","Logo","CSW48JQZ6NB","T","F","T","T"),("Angelica","+65 1830 7063","sem@sollicitudinadipiscing.ca","Sapien Incorporated","Logo","FPV35SMM3CM","F","F","T","T"),("Lila","+65 9107 2499","ullamcorper.nisl.arcu@malesuada.net","Suspendisse Tristique Neque Incorporated","Logo","WAA07ZTQ6VH","F","F","F","T"),("Gillian","+65 5284 2465","mauris.aliquam@neque.edu","Penatibus Et Company","Logo","WDX14JAQ1KL","F","F","T","F"),("Belle","+65 5202 2954","eget@utmi.com","Purus LLP","Logo","OBZ99EPG3MJ","F","T","F","F");
INSERT INTO `employer` (`emp_name`,`emp_mobile`,`emp_email`,`emp_company`,`emp_logo`,`emp_password`,`emp_subscription`,`emp_new_applicants`,`emp_max_applicants`,`emp_news_letter`) VALUES ("Oscar","+65 5684 7011","massa.non@semvitaealiquam.org","Pellentesque Habitant LLP","Logo","RQB64WOZ0YM","F","F","F","F"),("Vladimir","+65 7217 1786","in.dolor.Fusce@SeddictumProin.org","Cras Pellentesque PC","Logo","IJV94YJT9AF","F","F","T","T"),("Lana","+65 6470 9124","varius@pedeCumsociis.edu","Sem Inc.","Logo","FQO84HLU7QT","F","F","F","T"),("Kenyon","+65 0652 4886","accumsan@sedtortor.co.uk","Egestas Industries","Logo","TTM97ULN2OA","F","T","F","F"),("Madison","+65 6216 5646","sapien.Cras.dolor@euismodindolor.edu","Cursus Purus Nullam Corporation","Logo","VMZ56NJO7QA","T","F","T","F"),("Lacota","+65 8293 5884","molestie.arcu@Phasellusdolor.co.uk","At Risus Nunc Corp.","Logo","XPA42FGR0UD","F","T","T","T"),("Garrett","+65 2408 7724","velit.Aliquam.nisl@vitaealiquameros.net","Conubia Limited","Logo","ZGB56ZCN2PX","T","F","F","F"),("Michael","+65 2544 7476","Pellentesque.tincidunt@Duiscursusdiam.net","Praesent LLC","Logo","VXN72OMC5NM","F","T","T","T"),("Ima","+65 1511 5612","enim@semper.edu","Ridiculus Ltd","Logo","AOE08AZW4TM","F","F","F","T"),("Ashely","+65 7838 7393","sit.amet@Donecsollicitudin.net","Vitae Sodales Nisi PC","Logo","QUC02SGZ4DF","F","T","F","T");
INSERT INTO `employer` (`emp_name`,`emp_mobile`,`emp_email`,`emp_company`,`emp_logo`,`emp_password`,`emp_subscription`,`emp_new_applicants`,`emp_max_applicants`,`emp_news_letter`) VALUES ("Hilel","+65 2754 8113","Suspendisse.non.leo@ategestas.org","Elementum Lorem Ltd","Logo","SVH26UGV8KG","F","F","F","F"),("Veronica","+65 6086 3430","convallis.erat.eget@ligulaconsectetuer.edu","Ligula Aenean Gravida LLC","Logo","LXN41WEN7YJ","F","T","T","F"),("Ryder","+65 3935 5130","Donec.est.Nunc@massa.org","Velit In Aliquet Corporation","Logo","ROK93GKA0FV","T","T","F","F"),("Rhea","+65 7277 6352","consequat.nec.mollis@sedsapienNunc.edu","Vitae Aliquam Incorporated","Logo","HPZ19OST8WH","F","T","F","F"),("Demetrius","+65 6056 2349","ante.iaculis.nec@dictum.net","Etiam Imperdiet Consulting","Logo","RFV25ERY8WG","T","F","T","F"),("Darrel","+65 8588 8581","Duis.ac@quis.com","Erat Corp.","Logo","LPG98WKZ0IX","T","T","T","T"),("Jamal","+65 8470 4093","mauris.ipsum@Curabiturutodio.org","Tristique Pellentesque Tellus Limited","Logo","UFV89TQV9RR","F","T","F","F"),("Gisela","+65 2784 7288","blandit@eget.org","Enim Incorporated","Logo","GSD17EWT4HB","F","T","T","F"),("Anika","+65 7813 4488","sodales.purus.in@sit.org","Odio Etiam Inc.","Logo","ZTN37GYD7WQ","F","T","F","F"),("Veda","+65 2626 8572","Nullam@justoProin.org","Ac Libero Incorporated","Logo","UQM79UYJ9XU","F","T","F","F");


CREATE TABLE adminAcc (
  adm_id INT(8) NOT NULL AUTO_INCREMENT,
  adm_user varchar (255) NOT NULL,
  adm_password varchar(255) NOT NULL,
  UNIQUE INDEX `adm_id_UNIQUE` (`adm_id` ASC) VISIBLE,
  PRIMARY KEY (adm_id)
)AUTO_INCREMENT = 1;

INSERT INTO `adminAcc` (`adm_user`,`adm_password`) VALUES ("Luke","WZJ50VZC3CW"),("Allen","MZM44IMY8KJ"),("Yuri","UZS31OQL6TK"),("Gareth","BJO11MLO1IJ"),("Ralph","PQV34HBY1MA");


CREATE TABLE jobpost (
  post_id INT(8) NOT NULL AUTO_INCREMENT,
  post_title VARCHAR(100) NOT NULL,
  post_description TEXT NOT NULL,
  post_requirements TEXT NOT NULL,
  post_pay varchar(20),
  emp_id INT(8) NOT NULL,
  faculty_id TINYINT(9) NOT NULL,
  PRIMARY KEY (post_id),
  UNIQUE INDEX `post_id_UNIQUE` (`post_id` ASC) VISIBLE,
  FOREIGN KEY (faculty_id) REFERENCES faculty(faculty_id),
  FOREIGN KEY (emp_id) REFERENCES employer(emp_id)
)AUTO_INCREMENT = 1;

INSERT INTO `jobpost` (`post_title`,`post_description`,`post_requirements`,`post_pay`,`emp_id`,`faculty_id`) VALUES ("ipsum porta elit,","Quisque ornare tortor at risus. Nunc ac sem ut dolor dapibus gravida. Aliquam tincidunt, nunc ac mattis ornare, lectus ante dictum mi, ac mattis","risus. Donec nibh enim, gravida sit amet, dapibus id, blandit at, nisi. Cum sociis natoque penatibus et magnis dis parturient montes, nascetur ridiculus mus. Proin vel nisl. Quisque fringilla","$1178",19,5),("eleifend egestas.","non enim commodo hendrerit. Donec porttitor tellus non magna. Nam ligula elit, pretium et, rutrum non, hendrerit id, ante. Nunc mauris sapien, cursus in, hendrerit","eget odio. Aliquam vulputate ullamcorper magna. Sed eu eros. Nam consequat","$0369",21,6),("fermentum risus, at","Vivamus nisi. Mauris nulla. Integer urna. Vivamus molestie dapibus ligula. Aliquam erat volutpat. Nulla dignissim. Maecenas ornare egestas ligula. Nullam feugiat placerat velit. Quisque varius. Nam porttitor scelerisque neque. Nullam nisl.","quam quis diam. Pellentesque habitant morbi tristique senectus et netus et malesuada fames ac turpis egestas. Fusce aliquet magna a neque. Nullam ut nisi a odio semper cursus. Integer mollis. Integer tincidunt aliquam arcu. Aliquam ultrices iaculis odio. Nam interdum","$8389",27,11),("Quisque varius. Nam","nunc ac mattis ornare, lectus ante dictum mi, ac mattis velit justo nec ante. Maecenas mi","eget odio. Aliquam vulputate ullamcorper magna. Sed eu eros. Nam","$4926",16,14),("leo, in lobortis","auctor non, feugiat nec, diam. Duis mi enim, condimentum eget, volutpat ornare, facilisis eget, ipsum. Donec sollicitudin adipiscing ligula. Aenean gravida","nisl. Maecenas malesuada fringilla est. Mauris eu turpis. Nulla aliquet. Proin velit. Sed malesuada augue ut lacus. Nulla tincidunt, neque vitae semper egestas, urna justo","$3451",19,4),("est mauris,","Phasellus nulla. Integer vulputate, risus a ultricies adipiscing, enim mi tempor lorem, eget mollis lectus pede et risus. Quisque libero lacus, varius et, euismod et,","morbi tristique senectus et netus et malesuada fames ac turpis egestas. Fusce aliquet magna a neque. Nullam ut nisi a odio semper cursus. Integer mollis. Integer tincidunt aliquam arcu. Aliquam ultrices iaculis odio. Nam","$9059",7,1),("et ultrices","Curabitur sed tortor. Integer aliquam adipiscing lacus. Ut nec urna et arcu imperdiet ullamcorper. Duis at lacus. Quisque purus sapien, gravida non, sollicitudin a,","Nunc mauris sapien, cursus in, hendrerit consectetuer, cursus et, magna. Praesent interdum ligula eu enim. Etiam imperdiet dictum magna. Ut tincidunt orci quis lectus. Nullam suscipit, est ac facilisis facilisis, magna tellus faucibus leo, in lobortis","$3681",10,15),("quis,","id sapien. Cras dolor dolor, tempus non, lacinia at, iaculis quis, pede. Praesent eu dui. Cum sociis natoque penatibus et magnis dis parturient montes, nascetur ridiculus mus. Aenean eget magna. Suspendisse tristique neque venenatis lacus. Etiam bibendum fermentum metus.","nunc risus varius orci, in consequat enim diam vel arcu. Curabitur ut odio vel est tempor bibendum. Donec felis orci, adipiscing non, luctus sit amet,","$2298",6,5),("sit amet lorem","magna a neque. Nullam ut nisi a odio semper cursus. Integer mollis. Integer tincidunt aliquam arcu. Aliquam ultrices iaculis odio. Nam interdum enim non nisi. Aenean eget","Integer eu lacus. Quisque imperdiet, erat nonummy ultricies ornare, elit elit fermentum risus, at fringilla purus mauris a nunc. In at pede. Cras vulputate velit","$7443",18,5),("Nam consequat","orci, adipiscing non, luctus sit amet, faucibus ut, nulla. Cras eu tellus eu augue porttitor interdum. Sed auctor odio a purus. Duis elementum, dui quis accumsan convallis, ante lectus convallis est, vitae sodales nisi magna","at, iaculis quis, pede. Praesent eu dui. Cum sociis natoque penatibus et magnis dis parturient montes, nascetur ridiculus mus. Aenean eget magna. Suspendisse tristique neque venenatis lacus. Etiam bibendum fermentum metus. Aenean sed pede nec ante blandit viverra. Donec tempus,","$1130",15,1);
INSERT INTO `jobpost` (`post_title`,`post_description`,`post_requirements`,`post_pay`,`emp_id`,`faculty_id`) VALUES ("enim.","augue malesuada malesuada. Integer id magna et ipsum cursus vestibulum. Mauris magna. Duis dignissim tempor arcu. Vestibulum ut eros non enim commodo hendrerit. Donec porttitor tellus non magna. Nam ligula elit, pretium et, rutrum non, hendrerit id,","massa. Mauris vestibulum, neque sed dictum eleifend, nunc risus varius orci, in consequat enim diam vel arcu. Curabitur ut odio vel est tempor bibendum.","$9510",10,6),("facilisis","lorem ac risus. Morbi metus. Vivamus euismod urna. Nullam lobortis quam a","metus eu erat semper rutrum. Fusce dolor quam, elementum at, egestas a, scelerisque sed, sapien. Nunc pulvinar arcu et pede. Nunc sed","$1977",28,3),("diam lorem,","nec tempus mauris erat eget ipsum. Suspendisse sagittis. Nullam vitae diam. Proin dolor. Nulla semper tellus id nunc interdum feugiat. Sed","turpis nec mauris blandit mattis. Cras eget nisi dictum augue malesuada malesuada. Integer id","$6510",24,7),("ipsum non","Ut nec urna et arcu imperdiet ullamcorper. Duis at lacus. Quisque purus sapien, gravida non, sollicitudin a, malesuada","sociis natoque penatibus et magnis dis parturient montes, nascetur ridiculus mus. Donec dignissim magna a tortor. Nunc commodo auctor velit. Aliquam nisl. Nulla eu neque pellentesque massa lobortis ultrices. Vivamus rhoncus. Donec","$2543",28,7),("risus. Morbi metus.","ullamcorper. Duis at lacus. Quisque purus sapien, gravida non, sollicitudin a, malesuada id, erat. Etiam vestibulum massa rutrum magna. Cras convallis convallis dolor. Quisque tincidunt pede ac urna. Ut tincidunt vehicula risus. Nulla eget metus eu erat","augue porttitor interdum. Sed auctor odio a purus. Duis elementum, dui quis accumsan convallis, ante lectus convallis est, vitae sodales nisi magna sed dui. Fusce aliquam,","$0405",25,6),("gravida sagittis. Duis","vulputate, risus a ultricies adipiscing, enim mi tempor lorem, eget mollis lectus pede et risus. Quisque libero lacus, varius et, euismod et, commodo at, libero. Morbi accumsan laoreet ipsum.","Aliquam erat volutpat. Nulla dignissim. Maecenas ornare egestas ligula. Nullam feugiat placerat velit. Quisque varius. Nam porttitor scelerisque neque. Nullam nisl. Maecenas malesuada fringilla est. Mauris eu turpis. Nulla aliquet. Proin velit. Sed malesuada","$5344",12,1),("lobortis quis, pede.","magna. Sed eu eros. Nam consequat dolor vitae dolor. Donec fringilla. Donec feugiat metus sit amet ante. Vivamus","fames ac turpis egestas. Fusce aliquet magna a neque. Nullam ut","$0052",28,15),("molestie","non, dapibus rutrum, justo. Praesent luctus. Curabitur egestas nunc sed libero. Proin","dapibus gravida. Aliquam tincidunt, nunc ac mattis ornare, lectus ante dictum mi, ac mattis velit justo nec","$0629",15,16),("Cras lorem lorem,","eget, volutpat ornare, facilisis eget, ipsum. Donec sollicitudin adipiscing ligula. Aenean gravida nunc sed pede. Cum sociis","a ultricies adipiscing, enim mi tempor lorem, eget mollis lectus pede et risus. Quisque libero lacus, varius et, euismod et, commodo at, libero. Morbi accumsan laoreet ipsum. Curabitur consequat, lectus sit amet luctus vulputate, nisi sem semper erat,","$5569",25,16),("lacus vestibulum","Aliquam rutrum lorem ac risus. Morbi metus. Vivamus euismod urna. Nullam lobortis quam a felis ullamcorper viverra. Maecenas iaculis aliquet diam.","ut dolor dapibus gravida. Aliquam tincidunt, nunc ac mattis ornare, lectus ante dictum mi, ac mattis velit justo nec ante. Maecenas mi felis,","$9992",29,16);
INSERT INTO `jobpost` (`post_title`,`post_description`,`post_requirements`,`post_pay`,`emp_id`,`faculty_id`) VALUES ("magnis dis parturient","ligula. Nullam enim. Sed nulla ante, iaculis nec, eleifend non, dapibus rutrum, justo. Praesent luctus. Curabitur egestas nunc sed libero.","velit egestas lacinia. Sed congue, elit sed consequat auctor, nunc nulla vulputate dui, nec tempus mauris erat eget ipsum. Suspendisse sagittis. Nullam vitae diam. Proin dolor. Nulla","$4620",8,4),("rhoncus.","Sed eu nibh vulputate mauris sagittis placerat. Cras dictum ultricies ligula. Nullam enim. Sed nulla ante, iaculis nec, eleifend non, dapibus rutrum, justo. Praesent luctus. Curabitur egestas nunc sed libero. Proin sed turpis nec","ut dolor dapibus gravida. Aliquam tincidunt, nunc ac mattis ornare, lectus ante dictum mi, ac mattis velit justo nec ante. Maecenas","$5390",1,5),("congue","Proin mi. Aliquam gravida mauris ut mi. Duis risus odio, auctor vitae, aliquet nec, imperdiet nec, leo. Morbi neque tellus, imperdiet non, vestibulum nec, euismod in, dolor. Fusce feugiat. Lorem ipsum dolor sit amet,","massa. Integer vitae nibh. Donec est mauris, rhoncus id, mollis nec, cursus a,","$1664",21,2),("metus urna","iaculis, lacus pede sagittis augue, eu tempor erat neque non quam. Pellentesque habitant morbi tristique senectus et netus et malesuada fames ac turpis egestas. Aliquam fringilla cursus purus. Nullam scelerisque neque sed","diam. Pellentesque habitant morbi tristique senectus et netus et malesuada fames ac turpis egestas. Fusce aliquet magna a neque. Nullam ut nisi a odio semper cursus. Integer mollis. Integer tincidunt aliquam arcu. Aliquam ultrices iaculis odio. Nam interdum enim non","$3624",25,13),("sagittis","Sed auctor odio a purus. Duis elementum, dui quis accumsan convallis, ante lectus convallis est, vitae sodales nisi magna sed dui.","commodo tincidunt nibh. Phasellus nulla. Integer vulputate, risus a ultricies adipiscing, enim mi tempor lorem, eget","$2870",14,10),("Phasellus fermentum convallis","iaculis odio. Nam interdum enim non nisi. Aenean eget metus. In","metus eu erat semper rutrum. Fusce dolor quam, elementum at, egestas a, scelerisque sed, sapien.","$3183",25,8),("tellus eu","scelerisque scelerisque dui. Suspendisse ac metus vitae velit egestas lacinia. Sed congue, elit sed consequat auctor, nunc nulla vulputate dui, nec tempus mauris erat eget ipsum. Suspendisse sagittis. Nullam vitae","risus. Morbi metus. Vivamus euismod urna. Nullam lobortis quam a felis ullamcorper viverra. Maecenas iaculis aliquet diam. Sed diam lorem, auctor quis, tristique ac, eleifend vitae, erat. Vivamus nisi. Mauris nulla. Integer urna. Vivamus molestie dapibus ligula. Aliquam","$5184",12,3),("pharetra, felis","pede nec ante blandit viverra. Donec tempus, lorem fringilla ornare","blandit viverra. Donec tempus, lorem fringilla ornare placerat, orci lacus vestibulum lorem, sit amet ultricies sem magna nec quam. Curabitur vel lectus. Cum sociis natoque","$8188",9,7),("sodales nisi","urna, nec luctus felis purus ac tellus. Suspendisse sed dolor. Fusce mi lorem, vehicula et, rutrum eu, ultrices sit","non magna. Nam ligula elit, pretium et, rutrum non, hendrerit id, ante. Nunc mauris sapien, cursus in, hendrerit consectetuer, cursus et,","$0169",25,1),("Vestibulum accumsan","turpis egestas. Aliquam fringilla cursus purus. Nullam scelerisque neque sed sem egestas blandit. Nam nulla magna, malesuada vel, convallis in, cursus et, eros. Proin ultrices. Duis volutpat nunc sit amet metus. Aliquam erat volutpat. Nulla facilisis.","tellus eu augue porttitor interdum. Sed auctor odio a purus. Duis elementum,","$0598",27,1);
INSERT INTO `jobpost` (`post_title`,`post_description`,`post_requirements`,`post_pay`,`emp_id`,`faculty_id`) VALUES ("mollis dui, in","Morbi neque tellus, imperdiet non, vestibulum nec, euismod in, dolor. Fusce feugiat. Lorem ipsum dolor sit amet, consectetuer adipiscing elit. Aliquam auctor, velit eget laoreet posuere, enim nisl","Donec est mauris, rhoncus id, mollis nec, cursus a, enim. Suspendisse aliquet, sem ut cursus luctus, ipsum","$6897",1,12),("imperdiet","Etiam laoreet, libero et tristique pellentesque, tellus sem mollis dui, in sodales elit erat vitae risus. Duis a mi fringilla mi lacinia mattis. Integer eu lacus. Quisque imperdiet, erat nonummy ultricies ornare,","ornare, lectus ante dictum mi, ac mattis velit justo nec ante. Maecenas mi felis, adipiscing fringilla, porttitor vulputate, posuere vulputate, lacus. Cras interdum. Nunc sollicitudin commodo ipsum. Suspendisse non leo. Vivamus nibh","$0488",19,4),("dignissim pharetra. Nam","arcu. Vestibulum ante ipsum primis in faucibus orci luctus et ultrices posuere cubilia Curae; Phasellus ornare. Fusce mollis. Duis sit amet diam eu dolor","In at pede. Cras vulputate velit eu sem. Pellentesque ut ipsum ac mi eleifend egestas. Sed pharetra, felis","$6861",17,16),("lobortis. Class aptent","risus a ultricies adipiscing, enim mi tempor lorem, eget mollis lectus pede et risus. Quisque libero lacus, varius et, euismod et, commodo at, libero. Morbi accumsan laoreet ipsum. Curabitur consequat, lectus sit amet luctus vulputate, nisi sem semper erat,","diam at pretium aliquet, metus urna convallis erat, eget tincidunt dui augue eu tellus. Phasellus elit pede, malesuada vel, venenatis vel, faucibus id, libero. Donec consectetuer mauris id sapien. Cras dolor dolor, tempus non, lacinia at, iaculis quis, pede. Praesent","$7803",26,14),("id nunc interdum","porttitor vulputate, posuere vulputate, lacus. Cras interdum. Nunc sollicitudin commodo ipsum. Suspendisse non leo. Vivamus nibh dolor, nonummy ac, feugiat non, lobortis quis, pede. Suspendisse dui. Fusce diam nunc, ullamcorper eu, euismod ac, fermentum vel, mauris. Integer sem elit, pharetra","enim mi tempor lorem, eget mollis lectus pede et risus. Quisque libero lacus, varius et, euismod et, commodo at, libero. Morbi accumsan laoreet ipsum. Curabitur consequat, lectus sit amet luctus vulputate, nisi sem","$7156",9,15),("ac ipsum.","lorem ac risus. Morbi metus. Vivamus euismod urna. Nullam lobortis quam a felis ullamcorper viverra. Maecenas iaculis aliquet diam. Sed diam lorem, auctor quis, tristique ac, eleifend vitae, erat. Vivamus nisi. Mauris nulla. Integer urna. Vivamus molestie","lorem ipsum sodales purus, in molestie tortor nibh sit amet orci. Ut sagittis lobortis mauris. Suspendisse aliquet molestie tellus. Aenean","$6746",28,1),("in aliquet lobortis,","vitae purus gravida sagittis. Duis gravida. Praesent eu nulla at sem molestie sodales. Mauris blandit enim consequat purus.","dui. Fusce aliquam, enim nec tempus scelerisque, lorem ipsum sodales purus, in molestie tortor nibh sit amet orci. Ut","$7486",15,8),("tristique pharetra.","nec urna suscipit nonummy. Fusce fermentum fermentum arcu. Vestibulum ante ipsum primis in faucibus orci luctus et ultrices posuere cubilia","sociis natoque penatibus et magnis dis parturient montes, nascetur ridiculus mus. Aenean eget magna. Suspendisse tristique neque venenatis lacus. Etiam bibendum fermentum metus. Aenean sed pede nec ante blandit viverra. Donec","$7825",7,2),("mi enim, condimentum","pede et risus. Quisque libero lacus, varius et, euismod et, commodo at, libero. Morbi accumsan laoreet ipsum. Curabitur consequat, lectus sit amet luctus vulputate, nisi sem semper erat, in consectetuer ipsum nunc","purus. Maecenas libero est, congue a, aliquet vel, vulputate eu, odio. Phasellus at augue id ante dictum cursus. Nunc mauris elit, dictum eu, eleifend nec, malesuada ut, sem. Nulla interdum.","$1891",6,10),("magna, malesuada","amet lorem semper auctor. Mauris vel turpis. Aliquam adipiscing lobortis risus. In mi pede,","egestas. Sed pharetra, felis eget varius ultrices, mauris ipsum porta elit, a feugiat tellus lorem","$4487",11,4);
INSERT INTO `jobpost` (`post_title`,`post_description`,`post_requirements`,`post_pay`,`emp_id`,`faculty_id`) VALUES ("neque sed","Pellentesque habitant morbi tristique senectus et netus et malesuada fames ac turpis egestas. Fusce aliquet magna a neque. Nullam ut nisi a odio semper cursus. Integer mollis. Integer tincidunt aliquam arcu. Aliquam ultrices iaculis odio. Nam interdum enim non nisi.","condimentum eget, volutpat ornare, facilisis eget, ipsum. Donec sollicitudin adipiscing ligula. Aenean gravida nunc sed pede. Cum sociis natoque penatibus et magnis dis parturient montes, nascetur ridiculus mus. Proin vel arcu eu odio tristique pharetra. Quisque ac libero nec ligula","$3655",26,5),("auctor, velit eget","Duis elementum, dui quis accumsan convallis, ante lectus convallis est, vitae sodales nisi magna","non arcu. Vivamus sit amet risus. Donec egestas. Aliquam nec enim. Nunc ut erat. Sed nunc est, mollis non, cursus non, egestas a, dui. Cras pellentesque. Sed dictum. Proin eget odio. Aliquam vulputate ullamcorper magna. Sed eu","$7860",25,1),("iaculis","Phasellus vitae mauris sit amet lorem semper auctor. Mauris vel turpis. Aliquam adipiscing","turpis vitae purus gravida sagittis. Duis gravida. Praesent eu nulla at sem molestie sodales. Mauris blandit enim consequat purus. Maecenas libero est, congue","$6067",27,9),("ornare tortor at","luctus sit amet, faucibus ut, nulla. Cras eu tellus eu augue porttitor interdum. Sed auctor odio a purus. Duis elementum, dui quis accumsan convallis, ante lectus convallis est, vitae sodales nisi magna sed dui. Fusce aliquam,","odio. Etiam ligula tortor, dictum eu, placerat eget, venenatis a, magna. Lorem ipsum dolor sit amet, consectetuer","$0556",15,9),("est. Nunc","leo, in lobortis tellus justo sit amet nulla. Donec non justo. Proin non massa non ante bibendum ullamcorper. Duis cursus, diam at pretium aliquet, metus urna convallis erat, eget tincidunt dui augue","urna, nec luctus felis purus ac tellus. Suspendisse sed dolor. Fusce mi lorem, vehicula et, rutrum eu,","$6514",13,12),("ridiculus mus. Proin","nibh dolor, nonummy ac, feugiat non, lobortis quis, pede. Suspendisse dui. Fusce diam nunc,","penatibus et magnis dis parturient montes, nascetur ridiculus mus. Donec dignissim magna a tortor. Nunc commodo auctor velit. Aliquam nisl. Nulla eu neque pellentesque massa lobortis ultrices. Vivamus","$0416",22,5),("parturient","conubia nostra, per inceptos hymenaeos. Mauris ut quam vel sapien imperdiet ornare. In faucibus. Morbi vehicula. Pellentesque tincidunt tempus risus. Donec egestas. Duis ac arcu. Nunc mauris. Morbi non sapien molestie","lobortis, nisi nibh lacinia orci, consectetuer euismod est arcu ac orci. Ut","$3425",13,5),("natoque","Suspendisse aliquet molestie tellus. Aenean egestas hendrerit neque. In ornare sagittis felis. Donec tempor, est ac mattis semper, dui lectus rutrum urna, nec luctus felis purus ac tellus. Suspendisse sed dolor. Fusce mi lorem, vehicula et, rutrum eu, ultrices sit","aliquet odio. Etiam ligula tortor, dictum eu, placerat eget, venenatis a, magna. Lorem ipsum dolor sit amet, consectetuer adipiscing elit. Etiam laoreet, libero","$9386",28,7),("convallis, ante lectus","varius ultrices, mauris ipsum porta elit, a feugiat tellus lorem eu metus. In lorem. Donec elementum, lorem ut aliquam iaculis, lacus pede","ipsum dolor sit amet, consectetuer adipiscing elit. Etiam laoreet, libero et tristique pellentesque, tellus sem mollis dui, in sodales elit erat vitae risus. Duis a mi fringilla mi lacinia mattis. Integer eu lacus. Quisque imperdiet, erat nonummy ultricies ornare, elit","$8113",1,10),("dignissim","imperdiet dictum magna. Ut tincidunt orci quis lectus. Nullam suscipit, est ac facilisis facilisis, magna tellus faucibus leo, in lobortis tellus justo sit amet","auctor. Mauris vel turpis. Aliquam adipiscing lobortis risus. In mi pede, nonummy ut, molestie in, tempus eu, ligula. Aenean euismod mauris eu elit. Nulla facilisi. Sed neque. Sed eget lacus. Mauris non dui nec urna suscipit","$4264",8,3);
