DROP DATABASE IF EXISTS Vocatio;
CREATE DATABASE Vocatio;
USE Vocatio;

CREATE TABLE faculty (
  faculty_id TINYINT(9)  NOT NULL AUTO_INCREMENT,
  faculty_name varchar(30) NOT NULL,
  PRIMARY KEY (faculty_id)
) AUTO_INCREMENT = 1;
INSERT INTO faculty VALUES (1, 'FASS');
INSERT INTO faculty VALUES (2, 'Business');
INSERT INTO faculty VALUES (3, 'Computing');
INSERT INTO faculty VALUES (4, 'Dentistry');
INSERT INTO faculty VALUES (5, 'D&E');
INSERT INTO faculty VALUES (6, 'Duke-Nus Medical');
INSERT INTO faculty VALUES (7, 'Engineering');
INSERT INTO faculty VALUES (8, 'Law');
INSERT INTO faculty VALUES (9, 'Medicine');
INSERT INTO faculty VALUES (10, 'Music');
INSERT INTO faculty VALUES (11, 'Public Health');
INSERT INTO faculty VALUES (12, 'Public Policy');
INSERT INTO faculty VALUES (13, 'LifeLong Education');
INSERT INTO faculty VALUES (14, 'Science');
INSERT INTO faculty VALUES (15, 'University Scholars Programme');
INSERT INTO faculty VALUES (16, 'Yale-Nus');

CREATE TABLE student (
  stu_id INT(8) NOT NULL AUTO_INCREMENT,
  stu_name varchar(100) default NULL,
  stu_mobile varchar(20) default NULL,
  stu_email varchar(100) default NULL,
  stu_linkedin TEXT default NULL,
  faculty_id TINYINT(9) NOT NULL,
  stu_password varchar(255) NOT NULL,
  PRIMARY KEY (stu_id),
  UNIQUE INDEX `stu_id_UNIQUE` (`stu_id` ASC) VISIBLE,
  FOREIGN KEY (faculty_id) REFERENCES faculty(faculty_id)
)AUTO_INCREMENT = 1;

INSERT INTO `student` (`stu_name`,`stu_mobile`,`stu_email`,`stu_linkedin`,`faculty_id`,`stu_password`) VALUES ("Fredericka","+65 1104 2688","convallis.dolor.Quisque@VivamusrhoncusDonec.co.uk","Link_here.com",9,"CVW99MLJ8KO"),("William","+65 5316 8563","eu.dui.Cum@ante.org","Link_here.com",2,"BGG22QAT4MO"),("Indira","+65 9706 2492","placerat.eget.venenatis@vitaealiquet.org","Link_here.com",9,"ZBM68TAM2KH"),("Maile","+65 8514 8930","auctor.ullamcorper@convallisin.co.uk","Link_here.com",15,"ATM79QFX8RM"),("Magee","+65 6694 5861","Cras@eumetus.edu","Link_here.com",10,"IHY43CIG9NI"),("Ocean","+65 6383 4615","Fusce@semmollisdui.com","Link_here.com",15,"ELN28QIT3MM"),("Mercedes","+65 8630 6477","orci.tincidunt.adipiscing@Etiamlaoreetlibero.ca","Link_here.com",6,"OHP07AFB4ZC"),("Justine","+65 3247 4478","dis.parturient.montes@egestasrhoncus.org","Link_here.com",4,"VUX50KHT8GK"),("Solomon","+65 3164 9753","libero@aliquet.edu","Link_here.com",4,"NJO53SKJ7IL"),("Tamekah","+65 4102 2024","vitae@Cumsociis.org","Link_here.com",8,"BDP86HWX9VA");
INSERT INTO `student` (`stu_name`,`stu_mobile`,`stu_email`,`stu_linkedin`,`faculty_id`,`stu_password`) VALUES ("Malik","+65 6782 5282","eleifend.vitae.erat@vestibulumMauris.ca","Link_here.com",6,"ZLM77PMF4JT"),("Germane","+65 9801 5587","scelerisque.sed@Aliquamultricesiaculis.com","Link_here.com",8,"GZQ20WYC0RG"),("Dacey","+65 1728 0214","gravida.non@dolorDonecfringilla.ca","Link_here.com",15,"YRF23MEV9QL"),("Vivian","+65 8840 8886","sed.dui@accumsanneque.net","Link_here.com",8,"VAT97FBX3AW"),("Bell","+65 1285 8816","sit.amet.consectetuer@Curabiturut.org","Link_here.com",12,"MNS94OWT3UD"),("Jescie","+65 4388 0158","nisi@nequetellusimperdiet.net","Link_here.com",4,"RXF42HTQ4GO"),("Jana","+65 1947 2573","id.magna.et@vel.com","Link_here.com",14,"YOY55LPE1JL"),("Shoshana","+65 2000 9652","Nulla@neque.co.uk","Link_here.com",9,"CZA43PUL8RN"),("Forrest","+65 7564 3694","sed.est.Nunc@antedictummi.net","Link_here.com",8,"RZD56LNL1TZ"),("Rachel","+65 0944 8449","Donec.sollicitudin.adipiscing@iaculis.ca","Link_here.com",14,"JQV01RLK9OS");
INSERT INTO `student` (`stu_name`,`stu_mobile`,`stu_email`,`stu_linkedin`,`faculty_id`,`stu_password`) VALUES ("Shea","+65 8745 2671","dapibus.quam.quis@inconsequat.com","Link_here.com",14,"ZLX66DOG4NK"),("Hermione","+65 6299 5422","adipiscing.lacus.Ut@euenim.com","Link_here.com",1,"RZD74JMD6QU"),("Victor","+65 7050 8511","tempor.arcu.Vestibulum@SuspendisseduiFusce.edu","Link_here.com",2,"IOI28PPX9IK"),("Inga","+65 7471 6035","lacus@Nulla.co.uk","Link_here.com",11,"XPB14SGX5GB"),("Jorden","+65 4796 4612","aliquam@mollisIntegertincidunt.net","Link_here.com",2,"FNE51CVR3VT"),("Cooper","+65 3034 9608","risus.odio@ornarelectus.org","Link_here.com",15,"XOE04BEW2AM"),("Kennedy","+65 6348 7915","nec.malesuada.ut@commodoatlibero.co.uk","Link_here.com",2,"LYS50VKA6LW"),("TaShya","+65 2339 4098","hendrerit.Donec@lobortis.ca","Link_here.com",12,"PTE39RUM1PT"),("Wyatt","+65 0972 9451","et@metusvitaevelit.net","Link_here.com",3,"YDW79VWN5EM"),("Phillip","+65 2141 3955","leo@urna.com","Link_here.com",6,"IBI55DZF6CO");
INSERT INTO `student` (`stu_name`,`stu_mobile`,`stu_email`,`stu_linkedin`,`faculty_id`,`stu_password`) VALUES ("Thaddeus","+65 0806 1465","senectus.et@nonarcuVivamus.co.uk","Link_here.com",4,"JTF79TUC5LH"),("Liberty","+65 7740 0608","sem.mollis.dui@idnuncinterdum.com","Link_here.com",14,"ZDR43FTL1IH"),("Lance","+65 0401 4538","feugiat.metus@arcuetpede.net","Link_here.com",1,"YHY72WJF6AR"),("Davis","+65 3804 6623","Etiam.vestibulum.massa@egestasSedpharetra.net","Link_here.com",8,"HCZ91IEN1ZT"),("Pascale","+65 9304 0129","habitant.morbi.tristique@Proinultrices.net","Link_here.com",16,"RHC55QCO0TJ"),("Nicole","+65 9616 4239","eleifend.Cras@hendrerit.co.uk","Link_here.com",13,"TEB62PNQ0EH"),("Dane","+65 3045 4838","nec.tempus@ProinvelitSed.co.uk","Link_here.com",2,"SXA04NSM1CG"),("Castor","+65 1170 6748","mollis.Phasellus.libero@molestie.ca","Link_here.com",9,"SWU51JRY1BN"),("Allen","+65 7853 4866","cubilia@necanteblandit.edu","Link_here.com",13,"VAY70CSJ2CI"),("Maile","+65 3256 3276","eu.nibh.vulputate@massaMaurisvestibulum.ca","Link_here.com",6,"VES49ZIP0EX");
INSERT INTO `student` (`stu_name`,`stu_mobile`,`stu_email`,`stu_linkedin`,`faculty_id`,`stu_password`) VALUES ("Hammett","+65 6797 9858","eget.metus@cubilia.edu","Link_here.com",14,"OCZ79SCI2UV"),("Carolyn","+65 0699 1855","at.iaculis.quis@torquent.co.uk","Link_here.com",11,"XQZ48HKX7UE"),("Rhonda","+65 7875 0759","vel.pede.blandit@aceleifend.co.uk","Link_here.com",6,"JXW43NCW3AX"),("Wayne","+65 8961 3888","facilisis.Suspendisse.commodo@ante.net","Link_here.com",6,"HUR36TWJ2BN"),("Prescott","+65 3422 0730","at@sapien.co.uk","Link_here.com",11,"QPQ97PFI7XA"),("Helen","+65 3865 3103","dis@lectusa.org","Link_here.com",5,"CYS49DME9ZP"),("Beck","+65 7318 2209","iaculis@orciluctuset.ca","Link_here.com",15,"PGU24SWI1CP"),("Ramona","+65 1947 3323","Suspendisse.commodo.tincidunt@vestibulum.ca","Link_here.com",14,"TEI55JVQ0DT"),("Serina","+65 9553 7341","porttitor@natoquepenatibuset.co.uk","Link_here.com",3,"JAA55CFY5ZN"),("Bruno","+65 9984 9347","malesuada@fermentumfermentumarcu.edu","Link_here.com",15,"PYC50MMK2ZN");
INSERT INTO `student` (`stu_name`,`stu_mobile`,`stu_email`,`stu_linkedin`,`faculty_id`,`stu_password`) VALUES ("Giselle","+65 9459 0643","metus@Maurismagna.edu","Link_here.com",12,"FMP18VTB4WL"),("Ashely","+65 4360 8116","scelerisque@erat.edu","Link_here.com",9,"OCJ59BPY2AE"),("Neil","+65 6965 2252","varius@Quisque.ca","Link_here.com",4,"OCV27YGF7LH"),("Brett","+65 2920 9254","risus@dolorFuscemi.edu","Link_here.com",9,"SJJ26NKD9YE"),("Zachery","+65 5885 2898","dui.quis@risusDuis.ca","Link_here.com",12,"DXQ64WFQ6VQ"),("Castor","+65 0741 0856","tincidunt.nibh@est.edu","Link_here.com",7,"XCN58ODJ5ZM"),("Sarah","+65 0423 2400","mollis@eu.ca","Link_here.com",6,"DQM13OCW4EQ"),("Graiden","+65 9445 3208","vulputate.lacus@tempus.ca","Link_here.com",16,"SOI06PFU3AM"),("Ava","+65 1958 1391","iaculis.enim@eleifendnunc.org","Link_here.com",7,"HEN41VHB5EU"),("Keely","+65 2998 8130","nisl@sed.ca","Link_here.com",3,"EEG72DUX3KZ");
INSERT INTO `student` (`stu_name`,`stu_mobile`,`stu_email`,`stu_linkedin`,`faculty_id`,`stu_password`) VALUES ("Sade","+65 6223 1474","Nunc.mauris.elit@maurisSuspendissealiquet.net","Link_here.com",16,"SBH11RCE0OQ"),("Jack","+65 6185 8766","facilisis.Suspendisse@nisiaodio.co.uk","Link_here.com",5,"ZYG91MSY8JZ"),("Dane","+65 9071 0100","Morbi.quis@arcuNunc.net","Link_here.com",9,"WOS19ZUN6HZ"),("Melyssa","+65 7597 0771","nec.ligula.consectetuer@dictumultricies.com","Link_here.com",10,"PLV73JFK4QJ"),("Clayton","+65 7875 2248","Quisque.varius.Nam@nisiMauris.edu","Link_here.com",13,"HHV88MIX3PX"),("Ramona","+65 8894 3475","vel.mauris@velarcuCurabitur.co.uk","Link_here.com",10,"AIG42LBT5JK"),("Akeem","+65 5247 3640","risus.Morbi@nec.co.uk","Link_here.com",10,"AYW59AYY5QQ"),("Deanna","+65 8304 7276","Proin.nisl@Aliquamtinciduntnunc.org","Link_here.com",2,"KBS38XCF7RW"),("Dorian","+65 6388 9261","Donec@vulputate.edu","Link_here.com",10,"FHG18DYG7TA"),("Nehru","+65 7070 4876","Nullam.suscipit@Loremipsum.edu","Link_here.com",2,"HLP72YEC9JD");
INSERT INTO `student` (`stu_name`,`stu_mobile`,`stu_email`,`stu_linkedin`,`faculty_id`,`stu_password`) VALUES ("Carlos","+65 9417 1584","felis@auguescelerisquemollis.net","Link_here.com",16,"FFY60ARI3WA"),("Carolyn","+65 0608 9584","arcu.et@maurisipsum.edu","Link_here.com",3,"OOT23ULR0BP"),("Abdul","+65 7063 8433","egestas.Sed@Nunc.org","Link_here.com",1,"SKX74FNJ7CK"),("Byron","+65 2095 7503","Phasellus.libero.mauris@ipsumcursusvestibulum.org","Link_here.com",10,"CKI41PMG5IO"),("Camille","+65 1095 4156","Donec@Donecconsectetuer.org","Link_here.com",2,"THO51NJC6KJ"),("Devin","+65 9655 8046","dictum.magna.Ut@vitae.net","Link_here.com",6,"CIG26PBF6VR"),("Scarlett","+65 5797 3568","id.blandit.at@ligulatortor.edu","Link_here.com",4,"FKE99IZX7SQ"),("Nyssa","+65 5253 3258","erat.volutpat@elit.ca","Link_here.com",5,"YAK28DKI0DW"),("Honorato","+65 2951 2438","imperdiet.erat.nonummy@interdumligulaeu.net","Link_here.com",3,"FLA47PQK0PC"),("Todd","+65 4484 7424","placerat.eget@scelerisqueduiSuspendisse.net","Link_here.com",6,"KHN73YUL3IZ");
INSERT INTO `student` (`stu_name`,`stu_mobile`,`stu_email`,`stu_linkedin`,`faculty_id`,`stu_password`) VALUES ("Lucy","+65 7156 8309","parturient.montes@perconubianostra.org","Link_here.com",12,"EUC09RNR2WL"),("Darrel","+65 8916 4787","sed.hendrerit.a@adipiscingMauris.com","Link_here.com",5,"IWZ63TET0MA"),("Leilani","+65 1678 4556","Ut.tincidunt.vehicula@est.com","Link_here.com",16,"FVQ61QGT4TR"),("Xenos","+65 8025 6979","cubilia.Curae@euismod.ca","Link_here.com",5,"ALA90DWC6HV"),("Doris","+65 6884 8253","Suspendisse.sed.dolor@atpretium.edu","Link_here.com",3,"PNZ33QRN3SH"),("Jared","+65 2458 5914","congue.a.aliquet@hymenaeos.co.uk","Link_here.com",11,"OQO55CIT8BJ"),("Aaron","+65 0464 3681","auctor.odio.a@noncursusnon.com","Link_here.com",1,"PBA14LGW2GM"),("Damon","+65 2586 5424","ultrices.sit@metus.net","Link_here.com",7,"GGI30URX2GS"),("Germane","+65 8343 2406","In.at@placerat.ca","Link_here.com",2,"EPH87NMH8KN"),("Keegan","+65 5148 2222","commodo@nuncullamcorper.com","Link_here.com",16,"ZDI71EZB1IR");
INSERT INTO `student` (`stu_name`,`stu_mobile`,`stu_email`,`stu_linkedin`,`faculty_id`,`stu_password`) VALUES ("Lester","+65 8231 5298","egestas@tempor.net","Link_here.com",12,"HLF24UKT0YT"),("Benedict","+65 2266 7792","leo.elementum.sem@nequeNullam.co.uk","Link_here.com",15,"JWW60FVG3XW"),("Slade","+65 6401 7011","faucibus@risusat.com","Link_here.com",8,"FMJ53RSY6QK"),("Colin","+65 1793 2831","mi@odioa.edu","Link_here.com",3,"VAM59NZU7BV"),("Stella","+65 5952 2903","Integer.aliquam@facilisisfacilisismagna.edu","Link_here.com",8,"BVV41PNV3RS"),("Evelyn","+65 3509 4830","placerat@quamvel.com","Link_here.com",3,"MHH68JAO9SE"),("Ira","+65 0997 4130","faucibus.Morbi.vehicula@Nunclaoreetlectus.ca","Link_here.com",2,"STT63DAK4WH"),("Roanna","+65 2117 0523","Sed.diam@Donecelementumlorem.org","Link_here.com",14,"WOI78IEF2YH"),("Gil","+65 0863 1526","erat@Donecat.ca","Link_here.com",2,"MHZ73DNJ0CW"),("Taylor","+65 7725 8074","ligula@orci.net","Link_here.com",15,"ZLK76JEQ4AA");


CREATE TABLE employer (
  emp_id INT(8) NOT NULL AUTO_INCREMENT,
  emp_name varchar(100) default NULL,
  emp_mobile varchar(20) default NULL,
  emp_email varchar(100) default NULL,
  emp_company varchar(45) default NULL,
  emp_logo LONGBLOB NULL,
  emp_password varchar(255) NOT NULL,
  PRIMARY KEY (emp_id),
  UNIQUE INDEX `emp_id_UNIQUE` (`emp_id` ASC) VISIBLE
)AUTO_INCREMENT = 1;

INSERT INTO `employer` (`emp_name`,`emp_mobile`,`emp_email`,`emp_company`,`emp_logo`,`emp_password`) VALUES ("Rinah","+65 8646 4510","amet.consectetuer.adipiscing@lacus.co.uk","Rhoncus Id Corp.","Logo","GZG84LUP2FO"),("Buckminster","+65 3365 0170","egestas@vulputaterisus.com","Ornare Inc.","Logo","CMW48WFQ4LU"),("Roth","+65 9726 6936","gravida.Praesent.eu@ullamcorpermagna.edu","Fringilla Ornare Limited","Logo","NIZ95JEF6GP"),("Tyler","+65 5459 4514","nascetur@felisegetvarius.com","Sociis Consulting","Logo","POP42CPH9JX"),("Nash","+65 9140 7227","non@Vivamus.co.uk","Fringilla Corp.","Logo","KTW10WDM3IM"),("Yasir","+65 7731 3822","nec.metus.facilisis@accumsan.ca","Varius Nam Porttitor Limited","Logo","ZDA75LFP0WN"),("Brielle","+65 0621 9816","ut@aliquet.net","Neque Venenatis Foundation","Logo","BVG51ZCP8BA"),("Steel","+65 1835 8522","leo@etultrices.co.uk","Aliquam Corp.","Logo","MPB34CNB4VU"),("Zenaida","+65 9729 8533","ac@purusmauris.org","Lacus Varius Industries","Logo","BYJ34TUT6UT"),("Teegan","+65 3967 1573","adipiscing.lacus@varius.net","Mi Limited","Logo","IHG31LLW5SV");
INSERT INTO `employer` (`emp_name`,`emp_mobile`,`emp_email`,`emp_company`,`emp_logo`,`emp_password`) VALUES ("Sylvia","+65 8882 3904","placerat.orci.lacus@id.net","Ultrices PC","Logo","AJM48RMM6OJ"),("Joy","+65 4934 9282","libero.Proin@milorem.co.uk","Imperdiet Limited","Logo","SGP63UKL9HH"),("Lane","+65 0242 6846","consequat.nec@Donecnibhenim.ca","A Facilisis Institute","Logo","LWU20QVX5OY"),("Hyatt","+65 2599 8588","dui.nec.tempus@atfringilla.org","Mauris Eu Corp.","Logo","ANC24XNJ1YT"),("Richard","+65 7132 1058","semper@diam.edu","Adipiscing Elit Corp.","Logo","OLR33CRT8DO"),("Stuart","+65 3548 9275","urna.convallis@Fuscemollis.edu","Lorem Ipsum Dolor Incorporated","Logo","KTJ84KXH4ZR"),("Mason","+65 2743 5211","vehicula@aliquamarcu.net","Malesuada Corp.","Logo","CIB24YHD0RQ"),("Bo","+65 1877 7116","sapien@ipsumdolor.org","Penatibus Et Magnis Institute","Logo","XSN05KSO6PD"),("Daria","+65 0734 7761","enim.mi.tempor@faucibusleo.co.uk","Enim Institute","Logo","WYQ80HVR2TG"),("Vernon","+65 0657 5503","congue@augueutlacus.edu","Parturient Montes Associates","Logo","GDF06XUL9YR");
INSERT INTO `employer` (`emp_name`,`emp_mobile`,`emp_email`,`emp_company`,`emp_logo`,`emp_password`) VALUES ("Ethan","+65 0204 6892","Sed.molestie@Fusce.net","Placerat Orci LLP","Logo","VRW27DPB3BH"),("Zephr","+65 4580 4898","nec.urna.et@quisaccumsanconvallis.edu","Vel Nisl Incorporated","Logo","DFY14GTM0WP"),("Erin","+65 9724 5473","sem@Mauris.ca","Ultrices Mauris Ipsum Institute","Logo","HIN94FYI0ND"),("Shad","+65 0132 2093","Nullam.feugiat.placerat@risusa.com","Tempus Mauris Erat Incorporated","Logo","NLI87DLC5AT"),("Jasmine","+65 8712 9259","fermentum@nuncQuisqueornare.net","Iaculis Industries","Logo","KML31STU7BE"),("Barry","+65 2803 8288","Proin@ipsum.net","Sit PC","Logo","LDQ88ZLC1ME"),("Christen","+65 3113 8075","volutpat@urna.edu","Sit Amet LLC","Logo","WDP66NCB1ZW"),("Cole","+65 4074 3578","erat.neque@Nullamlobortis.co.uk","Aliquam Industries","Logo","WWP41DJN0KR"),("Tad","+65 2999 3441","neque.sed@etlacinia.co.uk","Nisi A Odio Foundation","Logo","AFB62XHW0RB"),("Nola","+65 1831 0978","Vestibulum.ante@felisorciadipiscing.edu","Odio Consulting","Logo","XOQ73UXA1TH");


CREATE TABLE adminAcc (
  adm_id INT(8) NOT NULL AUTO_INCREMENT,
  adm_user varchar (255) NOT NULL,
  adm_password varchar(255) NOT NULL,
  UNIQUE INDEX `adm_id_UNIQUE` (`adm_id` ASC) VISIBLE,
  PRIMARY KEY (adm_id)
)AUTO_INCREMENT = 1;

INSERT INTO `adminAcc` (`adm_user`,`adm_password`) VALUES ("Luke","WZJ50VZC3CW"),("Allen","MZM44IMY8KJ"),("Yuri","UZS31OQL6TK"),("Gareth","BJO11MLO1IJ"),("Ralph","PQV34HBY1MA");


CREATE TABLE jobpost (
  post_id INT(8) NOT NULL AUTO_INCREMENT,
  post_title VARCHAR(100) NOT NULL,
  post_description TEXT NOT NULL,
  post_requirements TEXT NOT NULL,
  post_pay varchar(20),
  emp_id INT(8) NOT NULL,
  faculty_id TINYINT(9) NOT NULL,
  PRIMARY KEY (post_id),
  UNIQUE INDEX `post_id_UNIQUE` (`post_id` ASC) VISIBLE,
  FOREIGN KEY (faculty_id) REFERENCES faculty(faculty_id),
  FOREIGN KEY (emp_id) REFERENCES employer(emp_id)
)AUTO_INCREMENT = 1;

INSERT INTO `jobpost` (`post_title`,`post_description`,`post_requirements`,`post_pay`,`emp_id`,`faculty_id`) VALUES ("ipsum porta elit,","Quisque ornare tortor at risus. Nunc ac sem ut dolor dapibus gravida. Aliquam tincidunt, nunc ac mattis ornare, lectus ante dictum mi, ac mattis","risus. Donec nibh enim, gravida sit amet, dapibus id, blandit at, nisi. Cum sociis natoque penatibus et magnis dis parturient montes, nascetur ridiculus mus. Proin vel nisl. Quisque fringilla","$1178",19,5),("eleifend egestas.","non enim commodo hendrerit. Donec porttitor tellus non magna. Nam ligula elit, pretium et, rutrum non, hendrerit id, ante. Nunc mauris sapien, cursus in, hendrerit","eget odio. Aliquam vulputate ullamcorper magna. Sed eu eros. Nam consequat","$0369",21,6),("fermentum risus, at","Vivamus nisi. Mauris nulla. Integer urna. Vivamus molestie dapibus ligula. Aliquam erat volutpat. Nulla dignissim. Maecenas ornare egestas ligula. Nullam feugiat placerat velit. Quisque varius. Nam porttitor scelerisque neque. Nullam nisl.","quam quis diam. Pellentesque habitant morbi tristique senectus et netus et malesuada fames ac turpis egestas. Fusce aliquet magna a neque. Nullam ut nisi a odio semper cursus. Integer mollis. Integer tincidunt aliquam arcu. Aliquam ultrices iaculis odio. Nam interdum","$8389",27,11),("Quisque varius. Nam","nunc ac mattis ornare, lectus ante dictum mi, ac mattis velit justo nec ante. Maecenas mi","eget odio. Aliquam vulputate ullamcorper magna. Sed eu eros. Nam","$4926",16,14),("leo, in lobortis","auctor non, feugiat nec, diam. Duis mi enim, condimentum eget, volutpat ornare, facilisis eget, ipsum. Donec sollicitudin adipiscing ligula. Aenean gravida","nisl. Maecenas malesuada fringilla est. Mauris eu turpis. Nulla aliquet. Proin velit. Sed malesuada augue ut lacus. Nulla tincidunt, neque vitae semper egestas, urna justo","$3451",19,4),("est mauris,","Phasellus nulla. Integer vulputate, risus a ultricies adipiscing, enim mi tempor lorem, eget mollis lectus pede et risus. Quisque libero lacus, varius et, euismod et,","morbi tristique senectus et netus et malesuada fames ac turpis egestas. Fusce aliquet magna a neque. Nullam ut nisi a odio semper cursus. Integer mollis. Integer tincidunt aliquam arcu. Aliquam ultrices iaculis odio. Nam","$9059",7,1),("et ultrices","Curabitur sed tortor. Integer aliquam adipiscing lacus. Ut nec urna et arcu imperdiet ullamcorper. Duis at lacus. Quisque purus sapien, gravida non, sollicitudin a,","Nunc mauris sapien, cursus in, hendrerit consectetuer, cursus et, magna. Praesent interdum ligula eu enim. Etiam imperdiet dictum magna. Ut tincidunt orci quis lectus. Nullam suscipit, est ac facilisis facilisis, magna tellus faucibus leo, in lobortis","$3681",10,15),("quis,","id sapien. Cras dolor dolor, tempus non, lacinia at, iaculis quis, pede. Praesent eu dui. Cum sociis natoque penatibus et magnis dis parturient montes, nascetur ridiculus mus. Aenean eget magna. Suspendisse tristique neque venenatis lacus. Etiam bibendum fermentum metus.","nunc risus varius orci, in consequat enim diam vel arcu. Curabitur ut odio vel est tempor bibendum. Donec felis orci, adipiscing non, luctus sit amet,","$2298",6,5),("sit amet lorem","magna a neque. Nullam ut nisi a odio semper cursus. Integer mollis. Integer tincidunt aliquam arcu. Aliquam ultrices iaculis odio. Nam interdum enim non nisi. Aenean eget","Integer eu lacus. Quisque imperdiet, erat nonummy ultricies ornare, elit elit fermentum risus, at fringilla purus mauris a nunc. In at pede. Cras vulputate velit","$7443",18,5),("Nam consequat","orci, adipiscing non, luctus sit amet, faucibus ut, nulla. Cras eu tellus eu augue porttitor interdum. Sed auctor odio a purus. Duis elementum, dui quis accumsan convallis, ante lectus convallis est, vitae sodales nisi magna","at, iaculis quis, pede. Praesent eu dui. Cum sociis natoque penatibus et magnis dis parturient montes, nascetur ridiculus mus. Aenean eget magna. Suspendisse tristique neque venenatis lacus. Etiam bibendum fermentum metus. Aenean sed pede nec ante blandit viverra. Donec tempus,","$1130",15,1);
INSERT INTO `jobpost` (`post_title`,`post_description`,`post_requirements`,`post_pay`,`emp_id`,`faculty_id`) VALUES ("enim.","augue malesuada malesuada. Integer id magna et ipsum cursus vestibulum. Mauris magna. Duis dignissim tempor arcu. Vestibulum ut eros non enim commodo hendrerit. Donec porttitor tellus non magna. Nam ligula elit, pretium et, rutrum non, hendrerit id,","massa. Mauris vestibulum, neque sed dictum eleifend, nunc risus varius orci, in consequat enim diam vel arcu. Curabitur ut odio vel est tempor bibendum.","$9510",10,6),("facilisis","lorem ac risus. Morbi metus. Vivamus euismod urna. Nullam lobortis quam a","metus eu erat semper rutrum. Fusce dolor quam, elementum at, egestas a, scelerisque sed, sapien. Nunc pulvinar arcu et pede. Nunc sed","$1977",28,3),("diam lorem,","nec tempus mauris erat eget ipsum. Suspendisse sagittis. Nullam vitae diam. Proin dolor. Nulla semper tellus id nunc interdum feugiat. Sed","turpis nec mauris blandit mattis. Cras eget nisi dictum augue malesuada malesuada. Integer id","$6510",24,7),("ipsum non","Ut nec urna et arcu imperdiet ullamcorper. Duis at lacus. Quisque purus sapien, gravida non, sollicitudin a, malesuada","sociis natoque penatibus et magnis dis parturient montes, nascetur ridiculus mus. Donec dignissim magna a tortor. Nunc commodo auctor velit. Aliquam nisl. Nulla eu neque pellentesque massa lobortis ultrices. Vivamus rhoncus. Donec","$2543",28,7),("risus. Morbi metus.","ullamcorper. Duis at lacus. Quisque purus sapien, gravida non, sollicitudin a, malesuada id, erat. Etiam vestibulum massa rutrum magna. Cras convallis convallis dolor. Quisque tincidunt pede ac urna. Ut tincidunt vehicula risus. Nulla eget metus eu erat","augue porttitor interdum. Sed auctor odio a purus. Duis elementum, dui quis accumsan convallis, ante lectus convallis est, vitae sodales nisi magna sed dui. Fusce aliquam,","$0405",25,6),("gravida sagittis. Duis","vulputate, risus a ultricies adipiscing, enim mi tempor lorem, eget mollis lectus pede et risus. Quisque libero lacus, varius et, euismod et, commodo at, libero. Morbi accumsan laoreet ipsum.","Aliquam erat volutpat. Nulla dignissim. Maecenas ornare egestas ligula. Nullam feugiat placerat velit. Quisque varius. Nam porttitor scelerisque neque. Nullam nisl. Maecenas malesuada fringilla est. Mauris eu turpis. Nulla aliquet. Proin velit. Sed malesuada","$5344",12,1),("lobortis quis, pede.","magna. Sed eu eros. Nam consequat dolor vitae dolor. Donec fringilla. Donec feugiat metus sit amet ante. Vivamus","fames ac turpis egestas. Fusce aliquet magna a neque. Nullam ut","$0052",28,15),("molestie","non, dapibus rutrum, justo. Praesent luctus. Curabitur egestas nunc sed libero. Proin","dapibus gravida. Aliquam tincidunt, nunc ac mattis ornare, lectus ante dictum mi, ac mattis velit justo nec","$0629",15,16),("Cras lorem lorem,","eget, volutpat ornare, facilisis eget, ipsum. Donec sollicitudin adipiscing ligula. Aenean gravida nunc sed pede. Cum sociis","a ultricies adipiscing, enim mi tempor lorem, eget mollis lectus pede et risus. Quisque libero lacus, varius et, euismod et, commodo at, libero. Morbi accumsan laoreet ipsum. Curabitur consequat, lectus sit amet luctus vulputate, nisi sem semper erat,","$5569",25,16),("lacus vestibulum","Aliquam rutrum lorem ac risus. Morbi metus. Vivamus euismod urna. Nullam lobortis quam a felis ullamcorper viverra. Maecenas iaculis aliquet diam.","ut dolor dapibus gravida. Aliquam tincidunt, nunc ac mattis ornare, lectus ante dictum mi, ac mattis velit justo nec ante. Maecenas mi felis,","$9992",29,16);
INSERT INTO `jobpost` (`post_title`,`post_description`,`post_requirements`,`post_pay`,`emp_id`,`faculty_id`) VALUES ("magnis dis parturient","ligula. Nullam enim. Sed nulla ante, iaculis nec, eleifend non, dapibus rutrum, justo. Praesent luctus. Curabitur egestas nunc sed libero.","velit egestas lacinia. Sed congue, elit sed consequat auctor, nunc nulla vulputate dui, nec tempus mauris erat eget ipsum. Suspendisse sagittis. Nullam vitae diam. Proin dolor. Nulla","$4620",8,4),("rhoncus.","Sed eu nibh vulputate mauris sagittis placerat. Cras dictum ultricies ligula. Nullam enim. Sed nulla ante, iaculis nec, eleifend non, dapibus rutrum, justo. Praesent luctus. Curabitur egestas nunc sed libero. Proin sed turpis nec","ut dolor dapibus gravida. Aliquam tincidunt, nunc ac mattis ornare, lectus ante dictum mi, ac mattis velit justo nec ante. Maecenas","$5390",1,5),("congue","Proin mi. Aliquam gravida mauris ut mi. Duis risus odio, auctor vitae, aliquet nec, imperdiet nec, leo. Morbi neque tellus, imperdiet non, vestibulum nec, euismod in, dolor. Fusce feugiat. Lorem ipsum dolor sit amet,","massa. Integer vitae nibh. Donec est mauris, rhoncus id, mollis nec, cursus a,","$1664",21,2),("metus urna","iaculis, lacus pede sagittis augue, eu tempor erat neque non quam. Pellentesque habitant morbi tristique senectus et netus et malesuada fames ac turpis egestas. Aliquam fringilla cursus purus. Nullam scelerisque neque sed","diam. Pellentesque habitant morbi tristique senectus et netus et malesuada fames ac turpis egestas. Fusce aliquet magna a neque. Nullam ut nisi a odio semper cursus. Integer mollis. Integer tincidunt aliquam arcu. Aliquam ultrices iaculis odio. Nam interdum enim non","$3624",25,13),("sagittis","Sed auctor odio a purus. Duis elementum, dui quis accumsan convallis, ante lectus convallis est, vitae sodales nisi magna sed dui.","commodo tincidunt nibh. Phasellus nulla. Integer vulputate, risus a ultricies adipiscing, enim mi tempor lorem, eget","$2870",14,10),("Phasellus fermentum convallis","iaculis odio. Nam interdum enim non nisi. Aenean eget metus. In","metus eu erat semper rutrum. Fusce dolor quam, elementum at, egestas a, scelerisque sed, sapien.","$3183",25,8),("tellus eu","scelerisque scelerisque dui. Suspendisse ac metus vitae velit egestas lacinia. Sed congue, elit sed consequat auctor, nunc nulla vulputate dui, nec tempus mauris erat eget ipsum. Suspendisse sagittis. Nullam vitae","risus. Morbi metus. Vivamus euismod urna. Nullam lobortis quam a felis ullamcorper viverra. Maecenas iaculis aliquet diam. Sed diam lorem, auctor quis, tristique ac, eleifend vitae, erat. Vivamus nisi. Mauris nulla. Integer urna. Vivamus molestie dapibus ligula. Aliquam","$5184",12,3),("pharetra, felis","pede nec ante blandit viverra. Donec tempus, lorem fringilla ornare","blandit viverra. Donec tempus, lorem fringilla ornare placerat, orci lacus vestibulum lorem, sit amet ultricies sem magna nec quam. Curabitur vel lectus. Cum sociis natoque","$8188",9,7),("sodales nisi","urna, nec luctus felis purus ac tellus. Suspendisse sed dolor. Fusce mi lorem, vehicula et, rutrum eu, ultrices sit","non magna. Nam ligula elit, pretium et, rutrum non, hendrerit id, ante. Nunc mauris sapien, cursus in, hendrerit consectetuer, cursus et,","$0169",25,1),("Vestibulum accumsan","turpis egestas. Aliquam fringilla cursus purus. Nullam scelerisque neque sed sem egestas blandit. Nam nulla magna, malesuada vel, convallis in, cursus et, eros. Proin ultrices. Duis volutpat nunc sit amet metus. Aliquam erat volutpat. Nulla facilisis.","tellus eu augue porttitor interdum. Sed auctor odio a purus. Duis elementum,","$0598",27,1);
INSERT INTO `jobpost` (`post_title`,`post_description`,`post_requirements`,`post_pay`,`emp_id`,`faculty_id`) VALUES ("mollis dui, in","Morbi neque tellus, imperdiet non, vestibulum nec, euismod in, dolor. Fusce feugiat. Lorem ipsum dolor sit amet, consectetuer adipiscing elit. Aliquam auctor, velit eget laoreet posuere, enim nisl","Donec est mauris, rhoncus id, mollis nec, cursus a, enim. Suspendisse aliquet, sem ut cursus luctus, ipsum","$6897",1,12),("imperdiet","Etiam laoreet, libero et tristique pellentesque, tellus sem mollis dui, in sodales elit erat vitae risus. Duis a mi fringilla mi lacinia mattis. Integer eu lacus. Quisque imperdiet, erat nonummy ultricies ornare,","ornare, lectus ante dictum mi, ac mattis velit justo nec ante. Maecenas mi felis, adipiscing fringilla, porttitor vulputate, posuere vulputate, lacus. Cras interdum. Nunc sollicitudin commodo ipsum. Suspendisse non leo. Vivamus nibh","$0488",19,4),("dignissim pharetra. Nam","arcu. Vestibulum ante ipsum primis in faucibus orci luctus et ultrices posuere cubilia Curae; Phasellus ornare. Fusce mollis. Duis sit amet diam eu dolor","In at pede. Cras vulputate velit eu sem. Pellentesque ut ipsum ac mi eleifend egestas. Sed pharetra, felis","$6861",17,16),("lobortis. Class aptent","risus a ultricies adipiscing, enim mi tempor lorem, eget mollis lectus pede et risus. Quisque libero lacus, varius et, euismod et, commodo at, libero. Morbi accumsan laoreet ipsum. Curabitur consequat, lectus sit amet luctus vulputate, nisi sem semper erat,","diam at pretium aliquet, metus urna convallis erat, eget tincidunt dui augue eu tellus. Phasellus elit pede, malesuada vel, venenatis vel, faucibus id, libero. Donec consectetuer mauris id sapien. Cras dolor dolor, tempus non, lacinia at, iaculis quis, pede. Praesent","$7803",26,14),("id nunc interdum","porttitor vulputate, posuere vulputate, lacus. Cras interdum. Nunc sollicitudin commodo ipsum. Suspendisse non leo. Vivamus nibh dolor, nonummy ac, feugiat non, lobortis quis, pede. Suspendisse dui. Fusce diam nunc, ullamcorper eu, euismod ac, fermentum vel, mauris. Integer sem elit, pharetra","enim mi tempor lorem, eget mollis lectus pede et risus. Quisque libero lacus, varius et, euismod et, commodo at, libero. Morbi accumsan laoreet ipsum. Curabitur consequat, lectus sit amet luctus vulputate, nisi sem","$7156",9,15),("ac ipsum.","lorem ac risus. Morbi metus. Vivamus euismod urna. Nullam lobortis quam a felis ullamcorper viverra. Maecenas iaculis aliquet diam. Sed diam lorem, auctor quis, tristique ac, eleifend vitae, erat. Vivamus nisi. Mauris nulla. Integer urna. Vivamus molestie","lorem ipsum sodales purus, in molestie tortor nibh sit amet orci. Ut sagittis lobortis mauris. Suspendisse aliquet molestie tellus. Aenean","$6746",28,1),("in aliquet lobortis,","vitae purus gravida sagittis. Duis gravida. Praesent eu nulla at sem molestie sodales. Mauris blandit enim consequat purus.","dui. Fusce aliquam, enim nec tempus scelerisque, lorem ipsum sodales purus, in molestie tortor nibh sit amet orci. Ut","$7486",15,8),("tristique pharetra.","nec urna suscipit nonummy. Fusce fermentum fermentum arcu. Vestibulum ante ipsum primis in faucibus orci luctus et ultrices posuere cubilia","sociis natoque penatibus et magnis dis parturient montes, nascetur ridiculus mus. Aenean eget magna. Suspendisse tristique neque venenatis lacus. Etiam bibendum fermentum metus. Aenean sed pede nec ante blandit viverra. Donec","$7825",7,2),("mi enim, condimentum","pede et risus. Quisque libero lacus, varius et, euismod et, commodo at, libero. Morbi accumsan laoreet ipsum. Curabitur consequat, lectus sit amet luctus vulputate, nisi sem semper erat, in consectetuer ipsum nunc","purus. Maecenas libero est, congue a, aliquet vel, vulputate eu, odio. Phasellus at augue id ante dictum cursus. Nunc mauris elit, dictum eu, eleifend nec, malesuada ut, sem. Nulla interdum.","$1891",6,10),("magna, malesuada","amet lorem semper auctor. Mauris vel turpis. Aliquam adipiscing lobortis risus. In mi pede,","egestas. Sed pharetra, felis eget varius ultrices, mauris ipsum porta elit, a feugiat tellus lorem","$4487",11,4);
INSERT INTO `jobpost` (`post_title`,`post_description`,`post_requirements`,`post_pay`,`emp_id`,`faculty_id`) VALUES ("neque sed","Pellentesque habitant morbi tristique senectus et netus et malesuada fames ac turpis egestas. Fusce aliquet magna a neque. Nullam ut nisi a odio semper cursus. Integer mollis. Integer tincidunt aliquam arcu. Aliquam ultrices iaculis odio. Nam interdum enim non nisi.","condimentum eget, volutpat ornare, facilisis eget, ipsum. Donec sollicitudin adipiscing ligula. Aenean gravida nunc sed pede. Cum sociis natoque penatibus et magnis dis parturient montes, nascetur ridiculus mus. Proin vel arcu eu odio tristique pharetra. Quisque ac libero nec ligula","$3655",26,5),("auctor, velit eget","Duis elementum, dui quis accumsan convallis, ante lectus convallis est, vitae sodales nisi magna","non arcu. Vivamus sit amet risus. Donec egestas. Aliquam nec enim. Nunc ut erat. Sed nunc est, mollis non, cursus non, egestas a, dui. Cras pellentesque. Sed dictum. Proin eget odio. Aliquam vulputate ullamcorper magna. Sed eu","$7860",25,1),("iaculis","Phasellus vitae mauris sit amet lorem semper auctor. Mauris vel turpis. Aliquam adipiscing","turpis vitae purus gravida sagittis. Duis gravida. Praesent eu nulla at sem molestie sodales. Mauris blandit enim consequat purus. Maecenas libero est, congue","$6067",27,9),("ornare tortor at","luctus sit amet, faucibus ut, nulla. Cras eu tellus eu augue porttitor interdum. Sed auctor odio a purus. Duis elementum, dui quis accumsan convallis, ante lectus convallis est, vitae sodales nisi magna sed dui. Fusce aliquam,","odio. Etiam ligula tortor, dictum eu, placerat eget, venenatis a, magna. Lorem ipsum dolor sit amet, consectetuer","$0556",15,9),("est. Nunc","leo, in lobortis tellus justo sit amet nulla. Donec non justo. Proin non massa non ante bibendum ullamcorper. Duis cursus, diam at pretium aliquet, metus urna convallis erat, eget tincidunt dui augue","urna, nec luctus felis purus ac tellus. Suspendisse sed dolor. Fusce mi lorem, vehicula et, rutrum eu,","$6514",13,12),("ridiculus mus. Proin","nibh dolor, nonummy ac, feugiat non, lobortis quis, pede. Suspendisse dui. Fusce diam nunc,","penatibus et magnis dis parturient montes, nascetur ridiculus mus. Donec dignissim magna a tortor. Nunc commodo auctor velit. Aliquam nisl. Nulla eu neque pellentesque massa lobortis ultrices. Vivamus","$0416",22,5),("parturient","conubia nostra, per inceptos hymenaeos. Mauris ut quam vel sapien imperdiet ornare. In faucibus. Morbi vehicula. Pellentesque tincidunt tempus risus. Donec egestas. Duis ac arcu. Nunc mauris. Morbi non sapien molestie","lobortis, nisi nibh lacinia orci, consectetuer euismod est arcu ac orci. Ut","$3425",13,5),("natoque","Suspendisse aliquet molestie tellus. Aenean egestas hendrerit neque. In ornare sagittis felis. Donec tempor, est ac mattis semper, dui lectus rutrum urna, nec luctus felis purus ac tellus. Suspendisse sed dolor. Fusce mi lorem, vehicula et, rutrum eu, ultrices sit","aliquet odio. Etiam ligula tortor, dictum eu, placerat eget, venenatis a, magna. Lorem ipsum dolor sit amet, consectetuer adipiscing elit. Etiam laoreet, libero","$9386",28,7),("convallis, ante lectus","varius ultrices, mauris ipsum porta elit, a feugiat tellus lorem eu metus. In lorem. Donec elementum, lorem ut aliquam iaculis, lacus pede","ipsum dolor sit amet, consectetuer adipiscing elit. Etiam laoreet, libero et tristique pellentesque, tellus sem mollis dui, in sodales elit erat vitae risus. Duis a mi fringilla mi lacinia mattis. Integer eu lacus. Quisque imperdiet, erat nonummy ultricies ornare, elit","$8113",1,10),("dignissim","imperdiet dictum magna. Ut tincidunt orci quis lectus. Nullam suscipit, est ac facilisis facilisis, magna tellus faucibus leo, in lobortis tellus justo sit amet","auctor. Mauris vel turpis. Aliquam adipiscing lobortis risus. In mi pede, nonummy ut, molestie in, tempus eu, ligula. Aenean euismod mauris eu elit. Nulla facilisi. Sed neque. Sed eget lacus. Mauris non dui nec urna suscipit","$4264",8,3);
